ts_utc,open,high,low,close,bias_str,bias_code
2024-01-02T00:00:00+00:00,17029.75,17030.75,17027.5,17028.0,Neutral,0
2024-01-02T00:01:00+00:00,17028.5,17030.25,17027.75,17028.0,Neutral,0
2024-01-02T00:02:00+00:00,17028.0,17028.5,17028.0,17028.25,Neutral,0
2024-01-02T00:03:00+00:00,17028.0,17029.75,17028.0,17029.25,Bullish,1
2024-01-02T00:04:00+00:00,17029.5,17029.5,17029.25,17029.5,Bullish,1
2024-01-02T00:05:00+00:00,17029.25,17029.75,17028.25,17028.25,Bearish,-1
2024-01-02T00:06:00+00:00,17028.25,17028.5,17027.25,17028.0,Bearish,-1
2024-01-02T00:07:00+00:00,17028.0,17029.0,17027.75,17028.0,Bearish,-1
2024-01-02T00:08:00+00:00,17028.5,17028.75,17028.0,17028.5,Bearish,-1
2024-01-02T00:09:00+00:00,17028.5,17029.5,17028.25,17029.25,Bullish,1
2024-01-02T00:10:00+00:00,17029.25,17029.5,17028.25,17029.0,Bullish,1
2024-01-02T00:11:00+00:00,17028.75,17028.75,17028.25,17028.5,Bullish,1
2024-01-02T00:12:00+00:00,17028.5,17029.25,17027.25,17027.25,Bearish,-1
2024-01-02T00:13:00+00:00,17027.75,17028.0,17026.75,17027.0,Bearish,-1
2024-01-02T00:14:00+00:00,17027.5,17028.0,17027.25,17027.75,Bearish,-1
2024-01-02T00:15:00+00:00,17027.5,17028.5,17027.0,17027.5,Bearish,-1
2024-01-02T00:16:00+00:00,17027.5,17028.0,17027.25,17027.25,Bearish,-1
2024-01-02T00:17:00+00:00,17027.5,17028.0,17026.75,17026.75,Bearish,-1
2024-01-02T00:18:00+00:00,17027.0,17027.0,17026.5,17026.5,Bearish,-1
2024-01-02T00:19:00+00:00,17026.0,17026.25,17025.25,17025.5,Bearish,-1
2024-01-02T00:20:00+00:00,17025.75,17026.0,17024.5,17025.5,Bearish,-1
2024-01-02T00:21:00+00:00,17025.5,17025.75,17024.5,17024.5,Bearish,-1
2024-01-02T00:22:00+00:00,17025.0,17025.5,17024.25,17024.75,Bearish,-1
2024-01-02T00:23:00+00:00,17025.25,17025.5,17023.75,17024.0,Bearish,-1
2024-01-02T00:24:00+00:00,17024.0,17025.5,17024.0,17025.25,Bearish,-1
2024-01-02T00:25:00+00:00,17025.0,17025.5,17024.75,17024.75,Bearish,-1
2024-01-02T00:26:00+00:00,17025.0,17025.25,17022.5,17022.75,Bearish,-1
2024-01-02T00:27:00+00:00,17022.5,17022.75,17020.75,17021.0,Bearish,-1
2024-01-02T00:28:00+00:00,17021.5,17021.75,17020.25,17020.5,Bearish,-1
2024-01-02T00:29:00+00:00,17020.75,17020.75,17018.5,17019.75,Bearish,-1
2024-01-02T00:30:00+00:00,17020.0,17020.0,17018.75,17019.25,Bearish,-1
2024-01-02T00:31:00+00:00,17019.0,17019.75,17018.5,17019.25,Bearish,-1
2024-01-02T00:32:00+00:00,17019.25,17020.0,17019.25,17019.75,Bearish,-1
2024-01-02T00:33:00+00:00,17019.75,17022.0,17019.5,17021.75,Bullish,1
2024-01-02T00:34:00+00:00,17021.75,17022.75,17021.75,17022.75,Bullish,1
2024-01-02T00:35:00+00:00,17022.75,17024.75,17022.75,17024.75,Bullish,1
2024-01-02T00:36:00+00:00,17024.75,17025.0,17024.25,17024.75,Bullish,1
2024-01-02T00:37:00+00:00,17024.5,17026.25,17024.5,17026.0,Bullish,1
2024-01-02T00:38:00+00:00,17025.75,17027.25,17025.75,17027.0,Bullish,1
2024-01-02T00:39:00+00:00,17026.75,17027.5,17026.25,17026.75,Bullish,1
2024-01-02T00:40:00+00:00,17027.25,17027.25,17027.0,17027.25,Bullish,1
2024-01-02T00:41:00+00:00,17027.0,17027.0,17023.75,17024.0,Bearish,-1
2024-01-02T00:42:00+00:00,17023.75,17024.5,17023.75,17024.5,Bearish,-1
2024-01-02T00:43:00+00:00,17024.75,17025.5,17024.5,17025.25,Bullish,1
2024-01-02T00:44:00+00:00,17025.5,17026.25,17025.0,17026.0,Bullish,1
2024-01-02T00:45:00+00:00,17026.25,17026.75,17024.75,17025.25,Bullish,1
2024-01-02T00:46:00+00:00,17025.5,17026.0,17025.0,17026.0,Bullish,1
2024-01-02T00:47:00+00:00,17026.0,17026.0,17024.5,17024.75,Bearish,-1
2024-01-02T00:48:00+00:00,17024.75,17025.5,17024.75,17025.25,Bearish,-1
2024-01-02T00:49:00+00:00,17024.75,17026.25,17024.75,17026.25,Bullish,1
2024-01-02T00:50:00+00:00,17026.5,17027.25,17026.0,17026.0,Bullish,1
2024-01-02T00:51:00+00:00,17026.25,17027.0,17026.25,17027.0,Bullish,1
2024-01-02T00:52:00+00:00,17027.25,17027.5,17026.5,17026.75,Bullish,1
2024-01-02T00:53:00+00:00,17026.75,17027.25,17026.75,17027.0,Bullish,1
2024-01-02T00:54:00+00:00,17027.25,17027.5,17026.0,17026.0,Bearish,-1
2024-01-02T00:55:00+00:00,17026.25,17026.75,17026.25,17026.75,Bearish,-1
2024-01-02T00:56:00+00:00,17026.5,17027.5,17026.5,17027.0,Bullish,1
2024-01-02T00:57:00+00:00,17027.0,17027.75,17026.25,17026.25,Bearish,-1
2024-01-02T00:58:00+00:00,17026.25,17026.75,17025.75,17026.25,Bearish,-1
2024-01-02T00:59:00+00:00,17236.25,17236.5,17236.25,17236.5,Bullish,1
2024-01-02T01:00:00+00:00,17026.75,17027.75,17026.25,17027.25,Bearish,-1
2024-01-02T01:01:00+00:00,17027.0,17029.5,17026.5,17029.25,Bullish,1
2024-01-02T01:02:00+00:00,17241.5,17241.5,17241.5,17241.5,Bullish,1
2024-01-02T01:03:00+00:00,17031.75,17033.25,17031.5,17032.75,Bearish,-1
2024-01-02T01:04:00+00:00,17032.5,17037.0,17032.5,17035.5,Bullish,1
2024-01-02T01:05:00+00:00,17035.75,17038.5,17035.0,17037.75,Bullish,1
2024-01-02T01:06:00+00:00,17038.0,17038.5,17036.75,17037.25,Bullish,1
2024-01-02T01:07:00+00:00,17037.75,17037.75,17036.0,17036.0,Bearish,-1
2024-01-02T01:08:00+00:00,17243.0,17243.0,17243.0,17243.0,Bullish,1
2024-01-02T01:09:00+00:00,17033.75,17033.75,17032.0,17033.0,Bearish,-1
2024-01-02T01:10:00+00:00,17032.5,17033.5,17031.75,17033.5,Bearish,-1
2024-01-02T01:11:00+00:00,17033.5,17033.5,17031.25,17032.0,Bearish,-1
2024-01-02T01:12:00+00:00,17032.0,17032.25,17031.0,17032.0,Bearish,-1
2024-01-02T01:13:00+00:00,17032.25,17032.25,17029.5,17031.25,Bearish,-1
2024-01-02T01:14:00+00:00,17238.25,17238.25,17238.25,17238.25,Bullish,1
2024-01-02T01:15:00+00:00,17029.5,17033.0,17029.5,17032.75,Bearish,-1
2024-01-02T01:16:00+00:00,17032.5,17034.75,17032.0,17034.75,Bullish,1
2024-01-02T01:17:00+00:00,17034.5,17035.0,17033.5,17035.0,Bullish,1
2024-01-02T01:18:00+00:00,17035.0,17035.5,17033.75,17035.25,Bullish,1
2024-01-02T01:19:00+00:00,17035.25,17035.75,17034.5,17035.5,Bullish,1
2024-01-02T01:20:00+00:00,17035.75,17036.5,17032.75,17032.75,Bearish,-1
2024-01-02T01:21:00+00:00,17032.5,17033.5,17032.0,17032.25,Bearish,-1
2024-01-02T01:22:00+00:00,17032.25,17032.25,17031.75,17031.75,Bearish,-1
2024-01-02T01:23:00+00:00,17031.5,17033.0,17031.5,17032.5,Bullish,1
2024-01-02T01:24:00+00:00,17032.75,17033.75,17032.25,17033.25,Bullish,1
2024-01-02T01:25:00+00:00,17033.75,17034.0,17031.75,17032.0,Bearish,-1
2024-01-02T01:26:00+00:00,17032.0,17032.5,17031.5,17032.5,Bearish,-1
2024-01-02T01:27:00+00:00,17031.75,17032.25,17031.5,17032.0,Bearish,-1
2024-01-02T01:28:00+00:00,17031.75,17031.75,17029.5,17030.0,Bearish,-1
2024-01-02T01:29:00+00:00,17029.75,17029.75,17026.75,17029.25,Bearish,-1
2024-01-02T01:30:00+00:00,17029.0,17031.5,17028.5,17031.25,Bullish,1
2024-01-02T01:31:00+00:00,17031.25,17031.5,17028.75,17029.0,Bullish,1
2024-01-02T01:32:00+00:00,17029.0,17029.75,17029.0,17029.75,Bullish,1
2024-01-02T01:33:00+00:00,17029.25,17029.25,17027.0,17027.5,Bearish,-1
2024-01-02T01:34:00+00:00,17027.5,17028.0,17026.25,17026.5,Bearish,-1
2024-01-02T01:35:00+00:00,17026.5,17026.5,17024.0,17025.0,Bearish,-1
2024-01-02T01:36:00+00:00,17025.25,17026.25,17024.0,17025.5,Bearish,-1
2024-01-02T01:37:00+00:00,17025.0,17026.0,17023.0,17023.25,Bearish,-1
2024-01-02T01:38:00+00:00,17023.25,17023.75,17022.5,17022.75,Bearish,-1
2024-01-02T01:39:00+00:00,17022.75,17022.75,17019.0,17020.25,Bearish,-1
2024-01-02T01:40:00+00:00,17020.25,17020.25,17018.5,17020.0,Bearish,-1
2024-01-02T01:41:00+00:00,17020.0,17020.0,17015.0,17015.25,Bearish,-1
2024-01-02T01:42:00+00:00,17015.25,17016.0,17010.75,17011.25,Bearish,-1
2024-01-02T01:43:00+00:00,17011.5,17013.5,17011.5,17012.75,Bearish,-1
2024-01-02T01:44:00+00:00,17013.0,17015.0,17012.75,17015.0,Bullish,1
2024-01-02T01:45:00+00:00,17015.0,17022.5,17015.0,17018.75,Bullish,1
2024-01-02T01:46:00+00:00,17018.5,17018.5,17016.5,17017.5,Bullish,1
2024-01-02T01:47:00+00:00,17017.25,17018.5,17015.75,17016.25,Bearish,-1
2024-01-02T01:48:00+00:00,17016.25,17016.75,17015.0,17015.75,Bearish,-1
2024-01-02T01:49:00+00:00,17015.25,17015.75,17013.75,17014.0,Bearish,-1
2024-01-02T01:50:00+00:00,17014.5,17016.0,17013.75,17013.75,Bearish,-1
2024-01-02T01:51:00+00:00,17013.75,17018.25,17013.75,17018.25,Bullish,1
2024-01-02T01:52:00+00:00,17018.25,17018.25,17016.0,17016.0,Bullish,1
2024-01-02T01:53:00+00:00,17016.0,17017.25,17015.75,17017.25,Bullish,1
2024-01-02T01:54:00+00:00,17017.0,17017.75,17016.5,17017.25,Bullish,1
2024-01-02T01:55:00+00:00,17017.25,17018.25,17016.5,17017.25,Bullish,1
2024-01-02T01:56:00+00:00,17017.75,17018.0,17015.75,17015.75,Bearish,-1
2024-01-02T01:57:00+00:00,17015.75,17016.0,17014.0,17016.0,Bearish,-1
2024-01-02T01:58:00+00:00,17015.75,17016.75,17015.5,17016.25,Bullish,1
2024-01-02T01:59:00+00:00,17016.0,17016.0,17014.5,17014.5,Bearish,-1
2024-01-02T02:00:00+00:00,17014.5,17016.25,17013.75,17015.75,Bearish,-1
2024-01-02T02:01:00+00:00,17014.75,17016.5,17014.5,17016.5,Bullish,1
2024-01-02T02:02:00+00:00,17016.5,17018.25,17016.5,17017.25,Bullish,1
2024-01-02T02:03:00+00:00,17017.5,17018.5,17015.75,17016.5,Bullish,1
2024-01-02T02:04:00+00:00,17016.25,17018.5,17016.25,17018.0,Bullish,1
2024-01-02T02:05:00+00:00,17018.0,17019.0,17017.75,17018.5,Bullish,1
2024-01-02T02:06:00+00:00,17018.25,17018.25,17016.75,17017.25,Bearish,-1
2024-01-02T02:07:00+00:00,17017.25,17018.5,17016.75,17018.0,Bearish,-1
2024-01-02T02:08:00+00:00,17017.75,17017.75,17016.5,17017.25,Bearish,-1
2024-01-02T02:09:00+00:00,17017.25,17018.5,17017.25,17018.0,Bullish,1
2024-01-02T02:10:00+00:00,17018.0,17019.0,17018.0,17018.75,Bullish,1
2024-01-02T02:11:00+00:00,17018.5,17018.5,17016.5,17017.25,Bearish,-1
2024-01-02T02:12:00+00:00,17017.25,17017.5,17016.25,17017.25,Bearish,-1
2024-01-02T02:13:00+00:00,17017.0,17017.5,17016.75,17016.75,Bearish,-1
2024-01-02T02:14:00+00:00,17016.75,17017.5,17016.5,17017.0,Bearish,-1
2024-01-02T02:15:00+00:00,17223.75,17223.75,17223.75,17223.75,Bullish,1
2024-01-02T02:16:00+00:00,17015.5,17016.75,17015.25,17015.75,Bearish,-1
2024-01-02T02:17:00+00:00,17015.75,17016.25,17015.5,17016.25,Bearish,-1
2024-01-02T02:18:00+00:00,17224.0,17224.0,17224.0,17224.0,Bullish,1
2024-01-02T02:19:00+00:00,17014.0,17014.0,17012.5,17013.25,Bearish,-1
2024-01-02T02:20:00+00:00,17013.25,17013.5,17012.5,17013.5,Bearish,-1
2024-01-02T02:21:00+00:00,17013.75,17015.0,17013.5,17015.0,Bullish,1
2024-01-02T02:22:00+00:00,17014.75,17016.0,17014.5,17015.5,Bullish,1
2024-01-02T02:23:00+00:00,17015.5,17015.5,17012.25,17012.25,Bearish,-1
2024-01-02T02:24:00+00:00,17012.5,17014.25,17011.75,17014.0,Bearish,-1
2024-01-02T02:25:00+00:00,17013.75,17014.25,17013.25,17013.25,Bearish,-1
2024-01-02T02:26:00+00:00,17013.5,17014.75,17013.5,17014.25,Bearish,-1
2024-01-02T02:27:00+00:00,17014.5,17014.75,17013.25,17013.5,Bearish,-1
2024-01-02T02:28:00+00:00,17013.75,17014.5,17011.75,17011.75,Bearish,-1
2024-01-02T02:29:00+00:00,17011.75,17013.25,17010.0,17011.5,Bearish,-1
2024-01-02T02:30:00+00:00,17219.25,17219.25,17219.25,17219.25,Bullish,1
2024-01-02T02:31:00+00:00,17009.75,17012.25,17008.5,17012.25,Bearish,-1
2024-01-02T02:32:00+00:00,17012.75,17012.75,17012.0,17012.25,Bearish,-1
2024-01-02T02:33:00+00:00,17012.25,17013.5,17011.25,17011.5,Bearish,-1
2024-01-02T02:34:00+00:00,17012.0,17012.0,17010.75,17011.5,Bearish,-1
2024-01-02T02:35:00+00:00,17012.0,17013.0,17011.25,17012.25,Bullish,1
2024-01-02T02:36:00+00:00,17012.25,17012.75,17011.5,17011.75,Bullish,1
2024-01-02T02:37:00+00:00,17011.25,17011.75,17010.25,17010.75,Bearish,-1
2024-01-02T02:38:00+00:00,17010.5,17010.5,17007.25,17007.5,Bearish,-1
2024-01-02T02:39:00+00:00,17007.0,17010.75,17006.5,17010.75,Bullish,1
2024-01-02T02:40:00+00:00,17010.25,17011.25,17009.75,17009.75,Bullish,1
2024-01-02T02:41:00+00:00,17216.5,17216.5,17216.5,17216.5,Bullish,1
2024-01-02T02:42:00+00:00,17010.0,17011.5,17010.0,17010.0,Bearish,-1
2024-01-02T02:43:00+00:00,17010.0,17012.5,17010.0,17011.5,Bearish,-1
2024-01-02T02:44:00+00:00,17011.75,17012.0,17011.0,17011.0,Bearish,-1
2024-01-02T02:45:00+00:00,17011.25,17011.25,17009.75,17010.25,Bearish,-1
2024-01-02T02:46:00+00:00,17010.25,17011.5,17010.0,17010.5,Bearish,-1
2024-01-02T02:47:00+00:00,17010.5,17011.5,17010.5,17011.0,Bearish,-1
2024-01-02T02:48:00+00:00,17011.0,17011.0,17010.0,17010.5,Bearish,-1
2024-01-02T02:49:00+00:00,17011.0,17011.0,17009.75,17010.25,Bearish,-1
2024-01-02T02:50:00+00:00,17010.0,17010.75,17009.75,17009.75,Bearish,-1
2024-01-02T02:51:00+00:00,17010.0,17010.25,17006.25,17006.75,Bearish,-1
2024-01-02T02:52:00+00:00,17213.0,17213.0,17213.0,17213.0,Bullish,1
2024-01-02T02:53:00+00:00,17004.0,17004.0,17001.0,17002.0,Bearish,-1
2024-01-02T02:54:00+00:00,17001.75,17004.0,17001.5,17003.25,Bearish,-1
2024-01-02T02:55:00+00:00,17003.5,17005.0,17003.5,17003.75,Bearish,-1
2024-01-02T02:56:00+00:00,17005.25,17006.25,17005.0,17006.0,Bullish,1
2024-01-02T02:57:00+00:00,17006.0,17007.5,17006.0,17007.25,Bullish,1
2024-01-02T02:58:00+00:00,17007.25,17007.75,17006.75,17007.0,Bullish,1
2024-01-02T02:59:00+00:00,17007.25,17008.75,17007.25,17008.25,Bullish,1
2024-01-02T03:00:00+00:00,17008.25,17009.5,17008.25,17009.25,Bullish,1
2024-01-02T03:01:00+00:00,17009.5,17009.75,17008.75,17009.5,Bullish,1
2024-01-02T03:02:00+00:00,17009.25,17010.5,17008.25,17010.5,Bullish,1
2024-01-02T03:03:00+00:00,17010.0,17010.0,17008.5,17008.5,Bullish,1
2024-01-02T03:04:00+00:00,17009.5,17009.75,17008.25,17008.5,Bullish,1
2024-01-02T03:05:00+00:00,17008.5,17009.0,17008.5,17008.75,Bullish,1
2024-01-02T03:06:00+00:00,17008.75,17009.75,17008.75,17009.0,Bullish,1
2024-01-02T03:07:00+00:00,17008.5,17009.5,17008.5,17009.5,Bullish,1
2024-01-02T03:08:00+00:00,17009.25,17010.0,17009.0,17009.5,Bullish,1
2024-01-02T03:09:00+00:00,17009.75,17011.25,17009.75,17010.75,Bullish,1
2024-01-02T03:10:00+00:00,17010.5,17011.75,17010.5,17011.5,Bullish,1
2024-01-02T03:11:00+00:00,17011.25,17013.0,17011.25,17011.5,Bullish,1
2024-01-02T03:12:00+00:00,17011.75,17012.5,17011.25,17011.75,Bullish,1
2024-01-02T03:13:00+00:00,17011.5,17012.5,17011.25,17012.0,Bullish,1
2024-01-02T03:14:00+00:00,17012.25,17012.25,17010.75,17011.5,Bullish,1
2024-01-02T03:15:00+00:00,17218.25,17218.25,17218.25,17218.25,Bullish,1
2024-01-02T03:16:00+00:00,17011.75,17011.75,17011.0,17011.0,Bearish,-1
2024-01-02T03:17:00+00:00,17011.0,17011.25,17010.25,17010.25,Bearish,-1
2024-01-02T03:18:00+00:00,17010.25,17010.25,17007.5,17008.5,Bearish,-1
2024-01-02T03:19:00+00:00,17216.5,17216.5,17216.5,17216.5,Bullish,1
2024-01-02T03:20:00+00:00,17007.0,17007.0,17006.25,17007.0,Bearish,-1
2024-01-02T03:21:00+00:00,17215.5,17215.5,17215.5,17215.5,Bullish,1
2024-01-02T03:22:00+00:00,17007.0,17007.0,17006.0,17006.25,Bearish,-1
2024-01-02T03:23:00+00:00,17006.0,17006.75,17004.75,17005.5,Bearish,-1
2024-01-02T03:24:00+00:00,17005.5,17005.75,17005.25,17005.5,Bearish,-1
2024-01-02T03:25:00+00:00,17005.5,17005.5,17004.5,17005.25,Bearish,-1
2024-01-02T03:26:00+00:00,17005.5,17007.25,17005.5,17007.0,Bullish,1
2024-01-02T03:27:00+00:00,17006.5,17007.5,17006.25,17007.5,Bullish,1
2024-01-02T03:28:00+00:00,17007.75,17007.75,17007.75,17007.75,Bullish,1
2024-01-02T03:29:00+00:00,17007.75,17010.0,17007.75,17009.0,Bullish,1
2024-01-02T03:30:00+00:00,17009.25,17010.25,17008.75,17008.75,Bullish,1
2024-01-02T03:31:00+00:00,17009.25,17009.75,17007.75,17008.5,Bearish,-1
2024-01-02T03:32:00+00:00,17008.5,17008.75,17008.25,17008.75,Bearish,-1
2024-01-02T03:33:00+00:00,17008.5,17009.0,17008.5,17009.0,Bullish,1
2024-01-02T03:34:00+00:00,17009.0,17009.0,17008.0,17008.0,Bearish,-1
2024-01-02T03:35:00+00:00,17008.0,17008.25,17007.25,17007.25,Bearish,-1
2024-01-02T03:36:00+00:00,17215.5,17215.5,17215.5,17215.5,Bullish,1
2024-01-02T03:37:00+00:00,17005.75,17006.0,17004.5,17005.0,Bearish,-1
2024-01-02T03:38:00+00:00,17004.5,17005.25,17003.5,17003.75,Bearish,-1
2024-01-02T03:39:00+00:00,17003.25,17006.25,17003.0,17005.25,Bullish,1
2024-01-02T03:40:00+00:00,17005.75,17006.0,17005.25,17005.75,Bullish,1
2024-01-02T03:41:00+00:00,17006.0,17006.0,17005.25,17005.25,Bullish,1
2024-01-02T03:42:00+00:00,17005.25,17006.0,17005.0,17006.0,Bullish,1
2024-01-02T03:43:00+00:00,17005.25,17007.0,17005.25,17006.5,Bullish,1
2024-01-02T03:44:00+00:00,17006.5,17008.0,17006.25,17007.75,Bullish,1
2024-01-02T03:45:00+00:00,17007.75,17009.75,17007.25,17009.5,Bullish,1
2024-01-02T03:46:00+00:00,207.45,207.45,207.45,207.45,Bearish,-1
2024-01-02T03:47:00+00:00,17008.5,17009.25,17008.25,17008.25,Bullish,1
2024-01-02T03:48:00+00:00,17008.75,17008.75,17007.75,17007.75,Bearish,-1
2024-01-02T03:49:00+00:00,17007.75,17008.0,17007.0,17007.25,Bearish,-1
2024-01-02T03:50:00+00:00,17007.0,17007.5,17005.0,17005.0,Bearish,-1
2024-01-02T03:51:00+00:00,17005.25,17005.75,17004.25,17004.25,Bearish,-1
2024-01-02T03:52:00+00:00,17004.0,17004.25,17002.5,17003.25,Bearish,-1
2024-01-02T03:53:00+00:00,17003.5,17003.75,17002.25,17003.0,Bearish,-1
2024-01-02T03:54:00+00:00,17003.0,17004.75,17002.5,17003.75,Bearish,-1
2024-01-02T03:55:00+00:00,17003.75,17005.25,17003.75,17005.25,Bullish,1
2024-01-02T03:56:00+00:00,17005.5,17005.75,17005.0,17005.25,Bullish,1
2024-01-02T03:57:00+00:00,17005.0,17005.75,17005.0,17005.75,Bullish,1
2024-01-02T03:58:00+00:00,17006.0,17007.75,17006.0,17006.75,Bullish,1
2024-01-02T03:59:00+00:00,17006.75,17007.5,17006.75,17007.0,Bullish,1
2024-01-02T04:00:00+00:00,17007.0,17007.0,17005.25,17005.25,Bearish,-1
2024-01-02T04:01:00+00:00,17005.0,17005.25,17004.25,17004.25,Bearish,-1
2024-01-02T04:02:00+00:00,17004.0,17005.5,17003.25,17004.75,Bearish,-1
2024-01-02T04:03:00+00:00,17004.75,17005.0,17004.75,17005.0,Bearish,-1
2024-01-02T04:04:00+00:00,17004.75,17004.75,17003.75,17004.0,Bearish,-1
2024-01-02T04:05:00+00:00,17004.25,17004.5,17004.0,17004.5,Bearish,-1
2024-01-02T04:06:00+00:00,17004.25,17005.0,17004.25,17004.25,Bearish,-1
2024-01-02T04:07:00+00:00,17004.75,17005.0,17004.5,17004.75,Bearish,-1
2024-01-02T04:08:00+00:00,17005.0,17005.75,17004.75,17004.75,Bearish,-1
2024-01-02T04:09:00+00:00,17004.75,17005.5,17004.75,17005.25,Bullish,1
2024-01-02T04:10:00+00:00,17005.5,17005.75,17004.75,17005.25,Bullish,1
2024-01-02T04:11:00+00:00,17005.5,17005.5,17004.75,17005.5,Bullish,1
2024-01-02T04:12:00+00:00,17005.75,17008.0,17005.25,17008.0,Bullish,1
2024-01-02T04:13:00+00:00,17007.75,17007.75,17007.25,17007.5,Bullish,1
2024-01-02T04:14:00+00:00,17007.5,17008.0,17007.25,17008.0,Bullish,1
2024-01-02T04:15:00+00:00,17008.25,17008.5,17008.0,17008.25,Bullish,1
2024-01-02T04:16:00+00:00,17008.25,17008.5,17007.25,17007.5,Bearish,-1
2024-01-02T04:17:00+00:00,17007.75,17007.75,17007.5,17007.5,Bearish,-1
2024-01-02T04:18:00+00:00,17008.0,17008.0,17007.5,17007.75,Bearish,-1
2024-01-02T04:19:00+00:00,17008.0,17008.0,17007.0,17007.25,Bearish,-1
2024-01-02T04:20:00+00:00,17007.5,17007.5,17006.25,17007.0,Bearish,-1
2024-01-02T04:21:00+00:00,17007.25,17007.5,17006.25,17006.5,Bearish,-1
2024-01-02T04:22:00+00:00,17006.75,17006.75,17005.5,17006.0,Bearish,-1
2024-01-02T04:23:00+00:00,17006.5,17007.5,17006.25,17007.25,Bullish,1
2024-01-02T04:24:00+00:00,17007.0,17007.5,17007.0,17007.5,Bullish,1
2024-01-02T04:25:00+00:00,17007.5,17008.5,17007.5,17008.25,Bullish,1
2024-01-02T04:26:00+00:00,17008.0,17008.0,17007.25,17007.75,Bullish,1
2024-01-02T04:27:00+00:00,17007.75,17007.75,17007.25,17007.5,Bearish,-1
2024-01-02T04:28:00+00:00,17007.25,17007.75,17007.0,17007.25,Bearish,-1
2024-01-02T04:29:00+00:00,17007.25,17007.75,17007.25,17007.75,Bearish,-1
2024-01-02T04:30:00+00:00,17008.0,17008.5,17007.75,17008.25,Bullish,1
2024-01-02T04:31:00+00:00,17008.0,17008.25,17007.0,17007.25,Bearish,-1
2024-01-02T04:32:00+00:00,17007.5,17008.75,17007.5,17008.5,Bullish,1
2024-01-02T04:33:00+00:00,17008.75,17008.75,17008.75,17008.75,Bullish,1
2024-01-02T04:34:00+00:00,17009.0,17010.5,17009.0,17009.75,Bullish,1
2024-01-02T04:35:00+00:00,17010.5,17011.25,17010.0,17011.0,Bullish,1
2024-01-02T04:36:00+00:00,17011.0,17013.25,17010.0,17011.75,Bullish,1
2024-01-02T04:37:00+00:00,17011.25,17011.75,17010.75,17011.75,Bullish,1
2024-01-02T04:38:00+00:00,17011.75,17013.0,17011.75,17012.25,Bullish,1
2024-01-02T04:39:00+00:00,17012.25,17012.5,17011.5,17012.25,Bullish,1
2024-01-02T04:40:00+00:00,17012.0,17013.0,17012.0,17012.5,Bullish,1
2024-01-02T04:41:00+00:00,17012.0,17013.0,17011.5,17012.75,Bullish,1
2024-01-02T04:42:00+00:00,17012.5,17013.0,17011.25,17012.5,Bullish,1
2024-01-02T04:43:00+00:00,17012.0,17012.0,17011.0,17011.25,Bullish,1
2024-01-02T04:44:00+00:00,17011.25,17011.5,17009.25,17010.0,Bearish,-1
2024-01-02T04:45:00+00:00,17009.25,17010.75,17008.75,17010.25,Bearish,-1
2024-01-02T04:46:00+00:00,17010.75,17011.5,17010.75,17011.25,Bullish,1
2024-01-02T04:47:00+00:00,17011.0,17011.25,17010.25,17010.5,Bearish,-1
2024-01-02T04:48:00+00:00,17010.5,17010.5,17010.0,17010.25,Bearish,-1
2024-01-02T04:49:00+00:00,17010.5,17010.75,17010.25,17010.75,Bullish,1
2024-01-02T04:50:00+00:00,17010.5,17010.5,17010.25,17010.25,Bullish,1
2024-01-02T04:51:00+00:00,17010.5,17010.5,17009.0,17009.75,Bearish,-1
2024-01-02T04:52:00+00:00,17009.5,17010.25,17009.5,17010.25,Bearish,-1
2024-01-02T04:53:00+00:00,17010.0,17010.5,17010.0,17010.5,Bullish,1
2024-01-02T04:54:00+00:00,17010.5,17010.5,17009.5,17009.75,Bearish,-1
2024-01-02T04:55:00+00:00,17009.5,17010.25,17009.5,17010.0,Bearish,-1
2024-01-02T04:56:00+00:00,17009.5,17009.75,17007.5,17007.75,Bearish,-1
2024-01-02T04:57:00+00:00,17008.0,17008.5,17007.5,17008.25,Bearish,-1
2024-01-02T04:58:00+00:00,17007.5,17008.25,17007.5,17008.25,Bearish,-1
2024-01-02T04:59:00+00:00,17008.0,17008.5,17007.5,17007.75,Bearish,-1
2024-01-02T05:00:00+00:00,17008.0,17009.5,17007.25,17009.5,Bullish,1
2024-01-02T05:01:00+00:00,17009.25,17011.75,17008.75,17011.0,Bullish,1
2024-01-02T05:02:00+00:00,17010.75,17010.75,17009.5,17010.0,Bearish,-1
2024-01-02T05:03:00+00:00,17009.75,17009.75,17009.0,17009.25,Bearish,-1
2024-01-02T05:04:00+00:00,17009.0,17010.0,17008.5,17010.0,Bullish,1
2024-01-02T05:05:00+00:00,17009.75,17010.5,17009.5,17009.75,Bullish,1
2024-01-02T05:06:00+00:00,17008.5,17008.75,17008.25,17008.75,Bearish,-1
2024-01-02T05:07:00+00:00,17008.75,17008.75,17007.25,17007.75,Bearish,-1
2024-01-02T05:08:00+00:00,17007.75,17009.25,17006.75,17008.25,Bearish,-1
2024-01-02T05:09:00+00:00,17008.5,17009.5,17007.75,17009.25,Bullish,1
2024-01-02T05:10:00+00:00,17009.25,17011.0,17009.0,17011.0,Bullish,1
2024-01-02T05:11:00+00:00,17010.75,17013.0,17010.5,17012.5,Bullish,1
2024-01-02T05:12:00+00:00,17221.25,17221.25,17221.25,17221.25,Bullish,1
2024-01-02T05:13:00+00:00,17013.0,17014.75,17013.0,17014.5,Bearish,-1
2024-01-02T05:14:00+00:00,17014.5,17016.5,17013.75,17016.5,Bullish,1
2024-01-02T05:15:00+00:00,17016.5,17016.5,17015.0,17015.5,Bullish,1
2024-01-02T05:16:00+00:00,17015.75,17016.25,17015.25,17015.75,Bullish,1
2024-01-02T05:17:00+00:00,17015.5,17015.75,17014.0,17014.5,Bearish,-1
2024-01-02T05:18:00+00:00,17014.5,17015.5,17014.25,17015.5,Bullish,1
2024-01-02T05:19:00+00:00,17015.5,17017.0,17014.25,17015.0,Bullish,1
2024-01-02T05:20:00+00:00,17015.0,17016.0,17014.25,17014.25,Bullish,1
2024-01-02T05:21:00+00:00,17014.75,17014.75,17012.75,17014.0,Bearish,-1
2024-01-02T05:22:00+00:00,17014.0,17014.25,17014.0,17014.0,Bearish,-1
2024-01-02T05:23:00+00:00,17014.0,17015.0,17013.75,17015.0,Bullish,1
2024-01-02T05:24:00+00:00,17015.0,17016.25,17014.75,17014.75,Bullish,1
2024-01-02T05:25:00+00:00,17014.75,17017.25,17014.5,17017.25,Bullish,1
2024-01-02T05:26:00+00:00,17017.5,17018.25,17016.5,17017.75,Bullish,1
2024-01-02T05:27:00+00:00,17017.75,17018.75,17017.25,17018.25,Bullish,1
2024-01-02T05:28:00+00:00,17018.5,17018.75,17018.0,17018.25,Bullish,1
2024-01-02T05:29:00+00:00,17018.75,17019.0,17016.0,17017.0,Bearish,-1
2024-01-02T05:30:00+00:00,17016.5,17017.25,17015.75,17017.0,Bearish,-1
2024-01-02T05:31:00+00:00,17016.75,17017.5,17016.5,17016.5,Bearish,-1
2024-01-02T05:32:00+00:00,17016.75,17018.0,17016.75,17017.75,Bullish,1
2024-01-02T05:33:00+00:00,17017.5,17017.75,17016.0,17017.0,Bullish,1
2024-01-02T05:34:00+00:00,17017.0,17018.5,17016.75,17017.5,Bullish,1
2024-01-02T05:35:00+00:00,17017.75,17018.75,17016.25,17016.5,Bearish,-1
2024-01-02T05:36:00+00:00,17016.25,17016.5,17016.0,17016.5,Bearish,-1
2024-01-02T05:37:00+00:00,17016.75,17016.75,17015.5,17016.0,Bearish,-1
2024-01-02T05:38:00+00:00,17016.5,17017.75,17016.5,17017.5,Bullish,1
2024-01-02T05:39:00+00:00,17017.25,17017.75,17016.25,17016.75,Bullish,1
2024-01-02T05:40:00+00:00,17016.5,17017.0,17016.5,17017.0,Bullish,1
2024-01-02T05:41:00+00:00,17017.0,17017.5,17016.5,17017.25,Bullish,1
2024-01-02T05:42:00+00:00,17018.0,17018.25,17017.5,17018.25,Bullish,1
2024-01-02T05:43:00+00:00,17018.0,17018.5,17017.5,17018.25,Bullish,1
2024-01-02T05:44:00+00:00,17018.25,17018.75,17018.0,17018.5,Bullish,1
2024-01-02T05:45:00+00:00,17018.25,17018.25,17016.75,17017.75,Bearish,-1
2024-01-02T05:46:00+00:00,17017.25,17018.0,17017.25,17017.5,Bearish,-1
2024-01-02T05:47:00+00:00,17017.75,17018.0,17017.25,17017.5,Bearish,-1
2024-01-02T05:48:00+00:00,17017.5,17017.5,17017.0,17017.0,Bearish,-1
2024-01-02T05:49:00+00:00,17017.0,17017.25,17016.0,17016.5,Bearish,-1
2024-01-02T05:50:00+00:00,17016.5,17018.5,17016.5,17018.0,Bullish,1
2024-01-02T05:51:00+00:00,17017.75,17018.0,17017.5,17017.75,Bullish,1
2024-01-02T05:52:00+00:00,17017.5,17019.0,17017.5,17017.5,Bullish,1
2024-01-02T05:53:00+00:00,17018.0,17018.5,17017.5,17018.0,Bullish,1
2024-01-02T05:54:00+00:00,17018.5,17018.5,17018.0,17018.0,Bullish,1
2024-01-02T05:55:00+00:00,17018.0,17018.5,17016.75,17018.0,Bullish,1
2024-01-02T05:56:00+00:00,17018.5,17019.0,17018.25,17018.5,Bullish,1
2024-01-02T05:57:00+00:00,17018.0,17018.0,17017.5,17017.5,Bearish,-1
2024-01-02T05:58:00+00:00,17018.0,17018.5,17017.75,17017.75,Bearish,-1
2024-01-02T05:59:00+00:00,17018.0,17018.75,17017.5,17017.5,Bearish,-1
2024-01-02T06:00:00+00:00,17017.5,17018.75,17017.25,17018.0,Bearish,-1
2024-01-02T06:01:00+00:00,17018.75,17019.5,17017.25,17017.5,Bearish,-1
2024-01-02T06:02:00+00:00,17017.0,17017.5,17016.5,17016.75,Bearish,-1
2024-01-02T06:03:00+00:00,17016.5,17017.0,17016.0,17016.5,Bearish,-1
2024-01-02T06:04:00+00:00,17016.0,17017.25,17015.5,17017.0,Bearish,-1
2024-01-02T06:05:00+00:00,17017.0,17018.0,17014.25,17015.75,Bearish,-1
2024-01-02T06:06:00+00:00,17015.75,17016.0,17013.5,17014.0,Bearish,-1
2024-01-02T06:07:00+00:00,17013.75,17013.75,17012.25,17012.5,Bearish,-1
2024-01-02T06:08:00+00:00,17012.5,17013.5,17012.5,17013.25,Bearish,-1
2024-01-02T06:09:00+00:00,17013.5,17014.0,17013.0,17013.0,Bearish,-1
2024-01-02T06:10:00+00:00,17013.25,17013.5,17013.0,17013.25,Bearish,-1
2024-01-02T06:11:00+00:00,17013.0,17013.25,17010.75,17011.5,Bearish,-1
2024-01-02T06:12:00+00:00,17219.75,17219.75,17219.75,17219.75,Bullish,1
2024-01-02T06:13:00+00:00,17010.5,17011.5,17010.25,17010.75,Bearish,-1
2024-01-02T06:14:00+00:00,17011.25,17011.25,17010.75,17010.75,Bearish,-1
2024-01-02T06:15:00+00:00,17010.75,17011.5,17010.5,17011.5,Bullish,1
2024-01-02T06:16:00+00:00,17011.0,17011.5,17010.25,17010.75,Bullish,1
2024-01-02T06:17:00+00:00,17010.5,17010.75,17010.0,17010.5,Bullish,1
2024-01-02T06:18:00+00:00,17010.75,17011.0,17010.0,17010.0,Bullish,1
2024-01-02T06:19:00+00:00,17010.0,17010.75,17010.0,17010.0,Bullish,1
2024-01-02T06:20:00+00:00,17010.0,17010.75,17009.75,17010.75,Bullish,1
2024-01-02T06:21:00+00:00,17011.0,17011.5,17011.0,17011.0,Bullish,1
2024-01-02T06:22:00+00:00,17011.0,17011.5,17010.5,17011.5,Bullish,1
2024-01-02T06:23:00+00:00,17011.5,17011.5,17010.5,17010.5,Bearish,-1
2024-01-02T06:24:00+00:00,17011.0,17011.5,17010.5,17011.5,Bullish,1
2024-01-02T06:25:00+00:00,17011.5,17012.25,17011.5,17012.0,Bullish,1
2024-01-02T06:26:00+00:00,17012.25,17013.0,17011.5,17011.75,Bullish,1
2024-01-02T06:27:00+00:00,17011.5,17011.75,17011.25,17011.25,Bearish,-1
2024-01-02T06:28:00+00:00,17011.25,17011.25,17010.75,17010.75,Bearish,-1
2024-01-02T06:29:00+00:00,17011.25,17012.0,17011.25,17012.0,Bullish,1
2024-01-02T06:30:00+00:00,17011.75,17013.0,17011.5,17012.5,Bullish,1
2024-01-02T06:31:00+00:00,17012.5,17012.75,17011.75,17011.75,Bullish,1
2024-01-02T06:32:00+00:00,17011.5,17011.75,17010.75,17011.5,Bearish,-1
2024-01-02T06:33:00+00:00,17011.75,17012.0,17011.75,17012.0,Bullish,1
2024-01-02T06:34:00+00:00,17011.75,17011.75,17008.75,17009.75,Bearish,-1
2024-01-02T06:35:00+00:00,17009.75,17010.5,17009.0,17010.5,Bearish,-1
2024-01-02T06:36:00+00:00,17010.5,17011.25,17009.75,17010.25,Bearish,-1
2024-01-02T06:37:00+00:00,17010.0,17010.0,17008.75,17009.5,Bearish,-1
2024-01-02T06:38:00+00:00,17009.5,17009.5,17007.75,17007.75,Bearish,-1
2024-01-02T06:39:00+00:00,17007.75,17008.25,17007.0,17008.25,Bearish,-1
2024-01-02T06:40:00+00:00,17008.5,17009.0,17007.5,17007.75,Bearish,-1
2024-01-02T06:41:00+00:00,17007.75,17010.0,17007.25,17010.0,Bullish,1
2024-01-02T06:42:00+00:00,17009.75,17011.25,17009.75,17010.25,Bullish,1
2024-01-02T06:43:00+00:00,17010.75,17010.75,17010.25,17010.25,Bullish,1
2024-01-02T06:44:00+00:00,17010.25,17010.75,17010.0,17010.75,Bullish,1
2024-01-02T06:45:00+00:00,17010.5,17013.0,17010.5,17013.0,Bullish,1
2024-01-02T06:46:00+00:00,17013.0,17014.0,17010.75,17010.75,Bullish,1
2024-01-02T06:47:00+00:00,17011.25,17011.5,17009.5,17010.5,Bearish,-1
2024-01-02T06:48:00+00:00,17010.0,17010.5,17009.25,17010.0,Bearish,-1
2024-01-02T06:49:00+00:00,17010.0,17011.25,17010.0,17011.25,Bullish,1
2024-01-02T06:50:00+00:00,17011.5,17011.75,17010.25,17011.0,Bullish,1
2024-01-02T06:51:00+00:00,17010.75,17010.75,17009.75,17010.25,Bearish,-1
2024-01-02T06:52:00+00:00,17010.25,17010.25,17008.75,17009.25,Bearish,-1
2024-01-02T06:53:00+00:00,17009.25,17009.25,17007.75,17008.75,Bearish,-1
2024-01-02T06:54:00+00:00,17008.0,17008.5,17008.0,17008.25,Bearish,-1
2024-01-02T06:55:00+00:00,17008.5,17008.75,17007.75,17007.75,Bearish,-1
2024-01-02T06:56:00+00:00,17008.0,17008.5,17006.25,17007.25,Bearish,-1
2024-01-02T06:57:00+00:00,17007.0,17007.75,17004.0,17004.0,Bearish,-1
2024-01-02T06:58:00+00:00,17004.25,17004.75,17003.0,17004.0,Bearish,-1
2024-01-02T06:59:00+00:00,17004.5,17004.75,17003.5,17004.5,Bearish,-1
2024-01-02T07:00:00+00:00,17004.25,17008.75,17004.0,17007.5,Bullish,1
2024-01-02T07:01:00+00:00,17007.5,17009.5,17007.0,17009.25,Bullish,1
2024-01-02T07:02:00+00:00,17009.0,17009.0,17006.75,17007.25,Bearish,-1
2024-01-02T07:03:00+00:00,17007.0,17007.0,17004.5,17005.25,Bearish,-1
2024-01-02T07:04:00+00:00,17005.25,17005.25,17004.0,17004.25,Bearish,-1
2024-01-02T07:05:00+00:00,17004.75,17006.75,17004.75,17006.25,Bullish,1
2024-01-02T07:06:00+00:00,17006.0,17006.5,17005.25,17006.0,Bullish,1
2024-01-02T07:07:00+00:00,17005.75,17005.75,17005.0,17005.5,Bullish,1
2024-01-02T07:08:00+00:00,17006.25,17008.0,17006.0,17008.0,Bullish,1
2024-01-02T07:09:00+00:00,17008.0,17009.5,17007.5,17009.5,Bullish,1
2024-01-02T07:10:00+00:00,17009.25,17011.75,17009.25,17011.25,Bullish,1
2024-01-02T07:11:00+00:00,17011.25,17014.5,17011.25,17014.5,Bullish,1
2024-01-02T07:12:00+00:00,17014.25,17018.75,17014.25,17017.75,Bullish,1
2024-01-02T07:13:00+00:00,17017.75,17018.75,17017.25,17017.75,Bullish,1
2024-01-02T07:14:00+00:00,17017.75,17019.5,17017.25,17017.25,Bullish,1
2024-01-02T07:15:00+00:00,17017.5,17019.25,17017.25,17018.5,Bullish,1
2024-01-02T07:16:00+00:00,17018.5,17018.5,17016.5,17018.0,Bullish,1
2024-01-02T07:17:00+00:00,17018.0,17021.0,17018.0,17020.75,Bullish,1
2024-01-02T07:18:00+00:00,17020.75,17022.25,17020.0,17021.75,Bullish,1
2024-01-02T07:19:00+00:00,17021.75,17022.25,17020.0,17020.5,Bullish,1
2024-01-02T07:20:00+00:00,17020.5,17021.25,17020.25,17021.25,Bullish,1
2024-01-02T07:21:00+00:00,17021.0,17022.25,17019.75,17020.0,Bearish,-1
2024-01-02T07:22:00+00:00,17020.25,17020.25,17019.0,17019.75,Bearish,-1
2024-01-02T07:23:00+00:00,17020.0,17022.0,17019.0,17021.75,Bullish,1
2024-01-02T07:24:00+00:00,17021.25,17022.75,17021.0,17022.0,Bullish,1
2024-01-02T07:25:00+00:00,17022.25,17023.0,17021.75,17022.0,Bullish,1
2024-01-02T07:26:00+00:00,17022.0,17023.25,17021.75,17023.0,Bullish,1
2024-01-02T07:27:00+00:00,17022.75,17022.75,17020.25,17020.5,Bearish,-1
2024-01-02T07:28:00+00:00,17020.0,17020.5,17018.5,17020.5,Bearish,-1
2024-01-02T07:29:00+00:00,17020.25,17020.5,17018.75,17019.75,Bearish,-1
2024-01-02T07:30:00+00:00,17020.0,17021.0,17018.5,17019.5,Bearish,-1
2024-01-02T07:31:00+00:00,17019.25,17019.5,17018.0,17018.25,Bearish,-1
2024-01-02T07:32:00+00:00,17018.25,17020.0,17017.75,17018.75,Bearish,-1
2024-01-02T07:33:00+00:00,17019.25,17020.5,17018.75,17020.5,Bullish,1
2024-01-02T07:34:00+00:00,17020.5,17020.5,17018.75,17020.0,Bullish,1
2024-01-02T07:35:00+00:00,17019.75,17020.0,17018.5,17018.5,Bearish,-1
2024-01-02T07:36:00+00:00,17018.75,17019.25,17017.75,17018.25,Bearish,-1
2024-01-02T07:37:00+00:00,17018.5,17020.5,17018.5,17020.25,Bullish,1
2024-01-02T07:38:00+00:00,17020.0,17020.5,17018.5,17018.75,Bullish,1
2024-01-02T07:39:00+00:00,17018.75,17019.5,17018.75,17019.5,Bullish,1
2024-01-02T07:40:00+00:00,17019.25,17019.5,17018.25,17018.75,Bullish,1
2024-01-02T07:41:00+00:00,17018.25,17018.75,17016.5,17017.0,Bearish,-1
2024-01-02T07:42:00+00:00,17225.0,17225.0,17225.0,17225.0,Bullish,1
2024-01-02T07:43:00+00:00,17015.5,17016.0,17013.75,17015.0,Bearish,-1
2024-01-02T07:44:00+00:00,17015.25,17015.25,17014.0,17014.5,Bearish,-1
2024-01-02T07:45:00+00:00,17014.75,17015.0,17012.0,17012.5,Bearish,-1
2024-01-02T07:46:00+00:00,17013.25,17014.75,17012.75,17014.0,Bearish,-1
2024-01-02T07:47:00+00:00,17013.5,17016.25,17013.0,17016.25,Bullish,1
2024-01-02T07:48:00+00:00,17015.75,17018.25,17015.5,17017.25,Bullish,1
2024-01-02T07:49:00+00:00,17017.0,17017.75,17015.25,17016.0,Bullish,1
2024-01-02T07:50:00+00:00,17016.0,17018.5,17016.0,17017.75,Bullish,1
2024-01-02T07:51:00+00:00,17017.75,17018.25,17016.75,17017.25,Bullish,1
2024-01-02T07:52:00+00:00,17017.5,17017.5,17015.25,17016.0,Bearish,-1
2024-01-02T07:53:00+00:00,17016.75,17016.75,17015.5,17015.5,Bearish,-1
2024-01-02T07:54:00+00:00,17015.5,17015.5,17012.75,17015.0,Bearish,-1
2024-01-02T07:55:00+00:00,17014.5,17019.75,17014.5,17018.25,Bullish,1
2024-01-02T07:56:00+00:00,17018.0,17018.5,17016.5,17018.5,Bullish,1
2024-01-02T07:57:00+00:00,17018.75,17019.0,17017.5,17018.75,Bullish,1
2024-01-02T07:58:00+00:00,17019.0,17019.5,17018.0,17018.0,Bullish,1
2024-01-02T07:59:00+00:00,17018.5,17018.75,17016.75,17016.75,Bearish,-1
2024-01-02T08:00:00+00:00,17017.5,17022.75,17015.75,17022.5,Bullish,1
2024-01-02T08:01:00+00:00,17021.75,17026.25,17021.25,17026.25,Bullish,1
2024-01-02T08:02:00+00:00,17026.25,17027.5,17024.75,17025.75,Bullish,1
2024-01-02T08:03:00+00:00,17025.5,17028.25,17025.25,17028.25,Bullish,1
2024-01-02T08:04:00+00:00,17028.5,17029.5,17027.25,17028.25,Bullish,1
2024-01-02T08:05:00+00:00,17233.75,17233.75,17233.75,17233.75,Bullish,1
2024-01-02T08:06:00+00:00,17031.25,17031.75,17025.25,17025.25,Bearish,-1
2024-01-02T08:07:00+00:00,17025.5,17026.0,17022.5,17024.5,Bearish,-1
2024-01-02T08:08:00+00:00,17024.25,17025.75,17022.75,17023.5,Bearish,-1
2024-01-02T08:09:00+00:00,17023.5,17026.25,17023.5,17025.25,Bearish,-1
2024-01-02T08:10:00+00:00,17024.5,17024.5,17022.75,17024.0,Bearish,-1
2024-01-02T08:11:00+00:00,17024.25,17026.5,17023.5,17024.5,Bearish,-1
2024-01-02T08:12:00+00:00,17024.5,17027.0,17024.5,17026.5,Bearish,-1
2024-01-02T08:13:00+00:00,17236.25,17236.25,17236.25,17236.25,Bullish,1
2024-01-02T08:14:00+00:00,17025.5,17027.0,17023.75,17026.0,Bearish,-1
2024-01-02T08:15:00+00:00,17025.5,17025.5,17023.25,17025.0,Bearish,-1
2024-01-02T08:16:00+00:00,17024.5,17027.25,17022.5,17026.75,Bullish,1
2024-01-02T08:17:00+00:00,17025.75,17027.75,17025.0,17025.75,Bullish,1
2024-01-02T08:18:00+00:00,17025.25,17029.25,17025.25,17028.75,Bullish,1
2024-01-02T08:19:00+00:00,17029.0,17029.0,17027.0,17028.75,Bullish,1
2024-01-02T08:20:00+00:00,17028.5,17028.5,17024.5,17027.0,Bullish,1
2024-01-02T08:21:00+00:00,17027.0,17030.5,17027.0,17030.25,Bullish,1
2024-01-02T08:22:00+00:00,17030.25,17030.75,17028.75,17030.25,Bullish,1
2024-01-02T08:23:00+00:00,17030.0,17031.5,17028.5,17030.25,Bullish,1
2024-01-02T08:24:00+00:00,17030.0,17032.75,17029.75,17031.0,Bullish,1
2024-01-02T08:25:00+00:00,17031.25,17033.25,17031.25,17032.75,Bullish,1
2024-01-02T08:26:00+00:00,17032.75,17033.25,17031.0,17032.0,Bullish,1
2024-01-02T08:27:00+00:00,17240.0,17240.0,17240.0,17240.0,Bullish,1
2024-01-02T08:28:00+00:00,17032.5,17034.5,17031.75,17033.75,Bearish,-1
2024-01-02T08:29:00+00:00,17033.0,17033.75,17030.0,17032.75,Bearish,-1
2024-01-02T08:30:00+00:00,17032.75,17034.75,17032.75,17034.0,Bullish,1
2024-01-02T08:31:00+00:00,17034.5,17036.0,17033.5,17036.0,Bullish,1
2024-01-02T08:32:00+00:00,17243.5,17243.5,17243.5,17243.5,Bullish,1
2024-01-02T08:33:00+00:00,17035.75,17036.0,17034.75,17034.75,Bearish,-1
2024-01-02T08:34:00+00:00,17035.25,17036.0,17034.0,17035.75,Bearish,-1
2024-01-02T08:35:00+00:00,17035.75,17036.25,17035.25,17036.0,Bearish,-1
2024-01-02T08:36:00+00:00,17035.5,17036.0,17034.0,17035.5,Bearish,-1
2024-01-02T08:37:00+00:00,17035.75,17035.75,17033.0,17034.5,Bearish,-1
2024-01-02T08:38:00+00:00,17034.75,17035.0,17033.0,17034.25,Bearish,-1
2024-01-02T08:39:00+00:00,17034.25,17034.5,17031.75,17034.25,Bearish,-1
2024-01-02T08:40:00+00:00,17034.25,17034.75,17033.0,17033.75,Bearish,-1
2024-01-02T08:41:00+00:00,17033.5,17034.25,17032.5,17032.5,Bearish,-1
2024-01-02T08:42:00+00:00,17032.5,17034.25,17031.5,17034.25,Bearish,-1
2024-01-02T08:43:00+00:00,17034.0,17034.0,17032.5,17033.5,Bearish,-1
2024-01-02T08:44:00+00:00,17033.25,17033.75,17031.75,17032.5,Bearish,-1
2024-01-02T08:45:00+00:00,17032.25,17032.25,17029.25,17030.0,Bearish,-1
2024-01-02T08:46:00+00:00,17029.75,17030.25,17028.5,17029.75,Bearish,-1
2024-01-02T08:47:00+00:00,17029.75,17031.25,17027.5,17028.75,Bearish,-1
2024-01-02T08:48:00+00:00,17028.75,17030.5,17028.0,17029.25,Bearish,-1
2024-01-02T08:49:00+00:00,17028.75,17029.25,17028.0,17028.0,Bearish,-1
2024-01-02T08:50:00+00:00,17028.5,17030.0,17027.25,17027.75,Bearish,-1
2024-01-02T08:51:00+00:00,17236.5,17236.5,17236.5,17236.5,Bullish,1
2024-01-02T08:52:00+00:00,17028.75,17030.0,17028.75,17029.0,Bearish,-1
2024-01-02T08:53:00+00:00,17028.75,17029.25,17027.25,17028.0,Bearish,-1
2024-01-02T08:54:00+00:00,17236.0,17236.0,17236.0,17236.0,Bullish,1
2024-01-02T08:55:00+00:00,17028.5,17029.25,17027.75,17029.25,Bearish,-1
2024-01-02T08:56:00+00:00,17029.0,17030.5,17027.75,17029.0,Bearish,-1
2024-01-02T08:57:00+00:00,17028.5,17028.5,17025.5,17026.5,Bearish,-1
2024-01-02T08:58:00+00:00,17026.5,17027.5,17025.25,17026.75,Bearish,-1
2024-01-02T08:59:00+00:00,17026.5,17027.75,17026.25,17027.25,Bearish,-1
2024-01-02T09:00:00+00:00,17233.75,17233.75,17233.75,17233.75,Bullish,1
2024-01-02T09:01:00+00:00,17026.5,17027.0,17023.25,17024.0,Bearish,-1
2024-01-02T09:02:00+00:00,17023.25,17023.5,17022.0,17022.0,Bearish,-1
2024-01-02T09:03:00+00:00,17022.0,17022.75,17020.0,17020.0,Bearish,-1
2024-01-02T09:04:00+00:00,17020.0,17020.25,17015.25,17015.25,Bearish,-1
2024-01-02T09:05:00+00:00,17015.5,17017.0,17013.75,17014.25,Bearish,-1
2024-01-02T09:06:00+00:00,17014.25,17015.0,17009.5,17011.75,Bearish,-1
2024-01-02T09:07:00+00:00,17011.5,17012.75,17010.0,17011.75,Bearish,-1
2024-01-02T09:08:00+00:00,17011.5,17012.0,17008.25,17009.75,Bearish,-1
2024-01-02T09:09:00+00:00,17009.75,17013.75,17009.75,17011.5,Bearish,-1
2024-01-02T09:10:00+00:00,17011.5,17011.75,17006.5,17006.75,Bearish,-1
2024-01-02T09:11:00+00:00,17006.25,17006.75,17001.5,17001.75,Bearish,-1
2024-01-02T09:12:00+00:00,17001.5,17004.5,17001.25,17001.75,Bearish,-1
2024-01-02T09:13:00+00:00,17001.5,17003.75,17001.5,17003.0,Bearish,-1
2024-01-02T09:14:00+00:00,17003.25,17004.0,17002.5,17003.5,Bearish,-1
2024-01-02T09:15:00+00:00,17003.75,17003.75,16999.0,17000.5,Bearish,-1
2024-01-02T09:16:00+00:00,17000.25,17001.0,16998.5,17000.5,Bearish,-1
2024-01-02T09:17:00+00:00,17000.25,17002.5,16998.25,17002.5,Bullish,1
2024-01-02T09:18:00+00:00,17002.5,17003.0,17000.25,17001.75,Bullish,1
2024-01-02T09:19:00+00:00,17001.75,17003.0,17000.75,17001.0,Bullish,1
2024-01-02T09:20:00+00:00,17208.25,17208.25,17208.25,17208.25,Bullish,1
2024-01-02T09:21:00+00:00,17001.75,17002.0,17000.5,17000.75,Bearish,-1
2024-01-02T09:22:00+00:00,208.65,208.65,208.65,208.65,Bearish,-1
2024-01-02T09:23:00+00:00,17002.75,17005.0,17001.5,17002.25,Bullish,1
2024-01-02T09:24:00+00:00,17002.0,17002.5,17000.0,17000.5,Bearish,-1
2024-01-02T09:25:00+00:00,17000.75,17001.0,16999.0,17000.5,Bearish,-1
2024-01-02T09:26:00+00:00,17000.5,17002.5,16999.75,17002.0,Bullish,1
2024-01-02T09:27:00+00:00,17001.75,17005.0,17001.5,17004.5,Bullish,1
2024-01-02T09:28:00+00:00,17005.0,17005.5,17002.5,17005.25,Bullish,1
2024-01-02T09:29:00+00:00,17005.0,17005.5,17004.25,17005.25,Bullish,1
2024-01-02T09:30:00+00:00,17005.5,17005.5,17003.5,17004.0,Bearish,-1
2024-01-02T09:31:00+00:00,17003.5,17005.25,17002.5,17002.5,Bearish,-1
2024-01-02T09:32:00+00:00,17210.25,17210.25,17210.25,17210.25,Bullish,1
2024-01-02T09:33:00+00:00,17003.5,17004.75,17002.25,17003.25,Bearish,-1
2024-01-02T09:34:00+00:00,17003.5,17004.0,17002.5,17003.5,Bearish,-1
2024-01-02T09:35:00+00:00,17003.25,17003.5,17000.0,17001.25,Bearish,-1
2024-01-02T09:36:00+00:00,17001.0,17001.75,16999.5,17001.25,Bearish,-1
2024-01-02T09:37:00+00:00,17002.25,17002.25,16996.25,16996.75,Bearish,-1
2024-01-02T09:38:00+00:00,16996.5,17000.25,16996.0,16997.75,Bearish,-1
2024-01-02T09:39:00+00:00,16998.0,16998.0,16994.5,16994.5,Bearish,-1
2024-01-02T09:40:00+00:00,16994.5,16995.25,16990.25,16991.5,Bearish,-1
2024-01-02T09:41:00+00:00,16992.0,16995.25,16991.25,16994.0,Bearish,-1
2024-01-02T09:42:00+00:00,16994.0,16997.25,16994.0,16995.25,Bearish,-1
2024-01-02T09:43:00+00:00,16995.5,16995.5,16991.5,16994.5,Bearish,-1
2024-01-02T09:44:00+00:00,16994.75,16997.25,16994.75,16996.5,Bullish,1
2024-01-02T09:45:00+00:00,17205.5,17205.5,17205.5,17205.5,Bullish,1
2024-01-02T09:46:00+00:00,16995.5,16998.0,16995.5,16997.0,Bearish,-1
2024-01-02T09:47:00+00:00,16996.75,16999.25,16996.5,16998.25,Bullish,1
2024-01-02T09:48:00+00:00,16998.25,16999.75,16998.0,16998.75,Bullish,1
2024-01-02T09:49:00+00:00,16998.5,16998.5,16995.5,16996.0,Bearish,-1
2024-01-02T09:50:00+00:00,16996.5,16996.75,16993.0,16994.0,Bearish,-1
2024-01-02T09:51:00+00:00,16993.75,16995.25,16991.25,16991.25,Bearish,-1
2024-01-02T09:52:00+00:00,16991.25,16993.5,16987.75,16993.0,Bearish,-1
2024-01-02T09:53:00+00:00,16992.75,16993.0,16991.0,16991.25,Bearish,-1
2024-01-02T09:54:00+00:00,16991.5,16993.0,16989.75,16991.0,Bearish,-1
2024-01-02T09:55:00+00:00,16990.75,16994.25,16989.25,16994.25,Bullish,1
2024-01-02T09:56:00+00:00,16994.25,16996.0,16994.0,16995.25,Bullish,1
2024-01-02T09:57:00+00:00,16995.25,16996.75,16994.0,16995.75,Bullish,1
2024-01-02T09:58:00+00:00,16995.75,16996.25,16993.75,16994.25,Bearish,-1
2024-01-02T09:59:00+00:00,16994.5,16995.25,16993.0,16994.5,Bearish,-1
2024-01-02T10:00:00+00:00,16994.5,16996.0,16992.5,16994.5,Bearish,-1
2024-01-02T10:01:00+00:00,16994.5,16994.5,16993.0,16993.5,Bearish,-1
2024-01-02T10:02:00+00:00,16993.75,16995.5,16992.0,16995.0,Bullish,1
2024-01-02T10:03:00+00:00,16995.0,16997.0,16994.75,16996.25,Bullish,1
2024-01-02T10:04:00+00:00,16995.5,16995.5,16993.0,16994.25,Bearish,-1
2024-01-02T10:05:00+00:00,16994.25,16996.75,16993.25,16996.25,Bullish,1
2024-01-02T10:06:00+00:00,16996.25,16996.5,16995.25,16996.0,Bullish,1
2024-01-02T10:07:00+00:00,16996.0,16996.5,16993.5,16993.75,Bearish,-1
2024-01-02T10:08:00+00:00,17201.5,17201.5,17201.5,17201.5,Bullish,1
2024-01-02T10:09:00+00:00,16992.25,16992.5,16990.5,16990.75,Bearish,-1
2024-01-02T10:10:00+00:00,16991.25,16993.75,16991.25,16993.25,Bullish,1
2024-01-02T10:11:00+00:00,16993.0,16993.25,16990.0,16990.5,Bearish,-1
2024-01-02T10:12:00+00:00,16990.5,16990.5,16985.0,16986.0,Bearish,-1
2024-01-02T10:13:00+00:00,16986.0,16990.0,16985.0,16985.5,Bearish,-1
2024-01-02T10:14:00+00:00,16985.5,16987.0,16984.75,16986.75,Bearish,-1
2024-01-02T10:15:00+00:00,16986.75,16990.0,16986.25,16990.0,Bullish,1
2024-01-02T10:16:00+00:00,16990.25,16992.75,16988.75,16992.5,Bullish,1
2024-01-02T10:17:00+00:00,16991.75,16992.5,16989.25,16991.25,Bullish,1
2024-01-02T10:18:00+00:00,16991.25,16991.75,16990.75,16991.0,Bullish,1
2024-01-02T10:19:00+00:00,16991.25,16991.5,16988.25,16990.25,Bearish,-1
2024-01-02T10:20:00+00:00,16990.0,16992.5,16990.0,16992.0,Bullish,1
2024-01-02T10:21:00+00:00,16992.25,16993.75,16992.0,16993.75,Bullish,1
2024-01-02T10:22:00+00:00,16993.5,16994.5,16993.5,16994.5,Bullish,1
2024-01-02T10:23:00+00:00,16994.0,16994.25,16991.5,16991.75,Bearish,-1
2024-01-02T10:24:00+00:00,16992.0,16992.0,16989.5,16989.5,Bearish,-1
2024-01-02T10:25:00+00:00,16989.75,16990.5,16988.25,16988.75,Bearish,-1
2024-01-02T10:26:00+00:00,16989.0,16989.5,16988.5,16988.75,Bearish,-1
2024-01-02T10:27:00+00:00,16988.75,16988.75,16987.75,16987.75,Bearish,-1
2024-01-02T10:28:00+00:00,16987.75,16987.75,16982.75,16983.75,Bearish,-1
2024-01-02T10:29:00+00:00,16983.75,16986.25,16982.5,16986.25,Bearish,-1
2024-01-02T10:30:00+00:00,16986.5,16988.0,16985.75,16987.75,Bullish,1
2024-01-02T10:31:00+00:00,16988.0,16989.0,16987.0,16988.5,Bullish,1
2024-01-02T10:32:00+00:00,16988.5,16989.5,16987.0,16987.5,Bullish,1
2024-01-02T10:33:00+00:00,16987.75,16988.5,16987.25,16988.0,Bullish,1
2024-01-02T10:34:00+00:00,16988.0,16988.5,16986.25,16986.25,Bearish,-1
2024-01-02T10:35:00+00:00,16986.5,16989.25,16986.5,16987.5,Bearish,-1
2024-01-02T10:36:00+00:00,16987.75,16989.5,16987.0,16987.5,Bearish,-1
2024-01-02T10:37:00+00:00,16987.5,16989.25,16987.0,16989.0,Bullish,1
2024-01-02T10:38:00+00:00,16988.5,16989.5,16987.75,16988.5,Bullish,1
2024-01-02T10:39:00+00:00,16988.0,16992.5,16988.0,16992.5,Bullish,1
2024-01-02T10:40:00+00:00,16992.5,16996.75,16992.5,16996.25,Bullish,1
2024-01-02T10:41:00+00:00,16996.0,16997.5,16994.5,16995.0,Bullish,1
2024-01-02T10:42:00+00:00,16995.25,16996.0,16992.5,16993.0,Bearish,-1
2024-01-02T10:43:00+00:00,16993.5,16995.25,16993.5,16994.75,Bearish,-1
2024-01-02T10:44:00+00:00,16994.5,16995.75,16993.0,16994.75,Bearish,-1
2024-01-02T10:45:00+00:00,16994.25,16995.25,16991.75,16991.75,Bearish,-1
2024-01-02T10:46:00+00:00,16991.75,16992.5,16991.0,16991.5,Bearish,-1
2024-01-02T10:47:00+00:00,16991.5,16991.75,16989.0,16990.75,Bearish,-1
2024-01-02T10:48:00+00:00,16990.75,16992.0,16989.75,16990.25,Bearish,-1
2024-01-02T10:49:00+00:00,16990.25,16990.5,16987.75,16988.75,Bearish,-1
2024-01-02T10:50:00+00:00,16988.25,16989.75,16987.5,16987.5,Bearish,-1
2024-01-02T10:51:00+00:00,16987.5,16988.0,16981.0,16981.0,Bearish,-1
2024-01-02T10:52:00+00:00,16981.5,16983.25,16978.5,16981.5,Bearish,-1
2024-01-02T10:53:00+00:00,16981.5,16981.75,16978.5,16979.25,Bearish,-1
2024-01-02T10:54:00+00:00,16979.0,16981.25,16978.5,16980.0,Bearish,-1
2024-01-02T10:55:00+00:00,16980.5,16982.75,16979.75,16982.25,Bullish,1
2024-01-02T10:56:00+00:00,16982.5,16983.25,16978.25,16978.75,Bearish,-1
2024-01-02T10:57:00+00:00,16979.25,16980.0,16973.75,16974.25,Bearish,-1
2024-01-02T10:58:00+00:00,16973.75,16975.25,16968.25,16969.25,Bearish,-1
2024-01-02T10:59:00+00:00,16969.0,16971.5,16969.0,16971.0,Bearish,-1
2024-01-02T11:00:00+00:00,17177.0,17177.0,17176.75,17176.75,Bullish,1
2024-01-02T11:01:00+00:00,16967.5,16969.0,16966.25,16969.0,Bearish,-1
2024-01-02T11:02:00+00:00,16968.75,16970.0,16968.0,16968.25,Bearish,-1
2024-01-02T11:03:00+00:00,17180.5,17180.5,17180.5,17180.5,Bullish,1
2024-01-02T11:04:00+00:00,16972.75,16973.0,16970.25,16972.0,Bearish,-1
2024-01-02T11:05:00+00:00,16972.0,16977.0,16970.0,16971.0,Bearish,-1
2024-01-02T11:06:00+00:00,17170.0,17170.0,17168.0,17168.0,Bullish,1
2024-01-02T11:07:00+00:00,17166.75,17166.75,17166.75,17166.75,Bearish,-1
2024-01-02T11:08:00+00:00,17161.0,17161.0,17155.0,17155.0,Bearish,-1
2024-01-02T11:09:00+00:00,16947.25,16949.75,16947.0,16948.0,Bearish,-1
2024-01-02T11:10:00+00:00,16947.75,16951.25,16947.75,16950.5,Bullish,1
2024-01-02T11:11:00+00:00,16951.0,16952.75,16950.0,16952.25,Bullish,1
2024-01-02T11:12:00+00:00,17155.5,17156.0,17155.5,17156.0,Bullish,1
2024-01-02T11:13:00+00:00,16943.0,16943.25,16936.25,16939.75,Bearish,-1
2024-01-02T11:14:00+00:00,16940.0,16942.75,16932.25,16932.25,Bearish,-1
2024-01-02T11:15:00+00:00,17139.75,17139.75,17130.0,17130.0,Bullish,1
2024-01-02T11:16:00+00:00,16921.25,16927.5,16916.75,16917.0,Bearish,-1
2024-01-02T11:17:00+00:00,17123.0,17123.0,17113.0,17113.0,Bullish,1
2024-01-02T11:18:00+00:00,16910.5,16913.5,16897.75,16900.0,Bearish,-1
2024-01-02T11:19:00+00:00,16900.5,16902.75,16893.5,16901.75,Bearish,-1
2024-01-02T11:20:00+00:00,17115.0,17115.0,17115.0,17115.0,Bullish,1
2024-01-02T11:21:00+00:00,17116.5,17116.5,17116.5,17116.5,Bullish,1
2024-01-02T11:22:00+00:00,16904.75,16908.0,16899.25,16900.0,Bearish,-1
2024-01-02T11:23:00+00:00,16899.75,16906.25,16898.25,16899.25,Bearish,-1
2024-01-02T11:24:00+00:00,17108.25,17110.0,17108.25,17110.0,Bullish,1
2024-01-02T11:25:00+00:00,16902.75,16903.25,16897.0,16902.5,Bearish,-1
2024-01-02T11:26:00+00:00,16902.5,16903.25,16894.25,16894.75,Bearish,-1
2024-01-02T11:27:00+00:00,17100.0,17100.0,17097.25,17097.25,Bullish,1
2024-01-02T11:28:00+00:00,16879.75,16887.0,16879.5,16885.25,Bearish,-1
2024-01-02T11:29:00+00:00,17092.75,17094.75,17086.5,17086.5,Bullish,1
2024-01-02T11:30:00+00:00,16877.75,16880.0,16873.5,16876.5,Bearish,-1
2024-01-02T11:31:00+00:00,17088.5,17088.5,17088.5,17088.5,Bullish,1
2024-01-02T11:32:00+00:00,16878.25,16878.25,16871.0,16871.5,Bearish,-1
2024-01-02T11:33:00+00:00,16871.5,16879.75,16870.25,16876.0,Bearish,-1
2024-01-02T11:34:00+00:00,17080.0,17080.0,17076.0,17076.0,Bullish,1
2024-01-02T11:35:00+00:00,16866.25,16867.0,16855.75,16856.5,Bearish,-1
2024-01-02T11:36:00+00:00,16856.75,16860.25,16847.75,16851.0,Bearish,-1
2024-01-02T11:37:00+00:00,16850.0,16850.5,16845.25,16846.25,Bearish,-1
2024-01-02T11:38:00+00:00,16846.25,16853.0,16846.25,16852.5,Bullish,1
2024-01-02T11:39:00+00:00,17064.75,17071.0,17064.75,17071.0,Bullish,1
2024-01-02T11:40:00+00:00,16859.75,16863.75,16854.25,16863.0,Bearish,-1
2024-01-02T11:41:00+00:00,16863.5,16864.75,16854.25,16857.25,Bearish,-1
2024-01-02T11:42:00+00:00,16857.5,16859.25,16854.25,16857.5,Bearish,-1
2024-01-02T11:43:00+00:00,16858.0,16858.0,16854.25,16857.25,Bearish,-1
2024-01-02T11:44:00+00:00,16857.25,16865.5,16857.25,16863.75,Bullish,1
2024-01-02T11:45:00+00:00,16864.0,16866.75,16862.5,16863.75,Bullish,1
2024-01-02T11:46:00+00:00,17075.75,17075.75,17075.75,17075.75,Bullish,1
2024-01-02T11:47:00+00:00,16870.5,16872.0,16868.25,16869.75,Bearish,-1
2024-01-02T11:48:00+00:00,16870.0,16870.75,16868.0,16869.5,Bearish,-1
2024-01-02T11:49:00+00:00,17079.5,17079.5,17079.5,17079.5,Bullish,1
2024-01-02T11:50:00+00:00,16867.75,16869.5,16863.5,16867.25,Bearish,-1
2024-01-02T11:51:00+00:00,17080.75,17080.75,17074.5,17074.5,Bullish,1
2024-01-02T11:52:00+00:00,17075.25,17075.25,17075.25,17075.25,Bullish,1
2024-01-02T11:53:00+00:00,16865.0,16870.25,16864.0,16867.25,Bearish,-1
2024-01-02T11:54:00+00:00,16867.5,16872.0,16867.0,16869.25,Bearish,-1
2024-01-02T11:55:00+00:00,207.85,207.85,207.85,207.85,Bearish,-1
2024-01-02T11:56:00+00:00,16873.75,16877.75,16872.0,16877.0,Bullish,1
2024-01-02T11:57:00+00:00,16876.75,16878.5,16875.25,16875.75,Bullish,1
2024-01-02T11:58:00+00:00,17084.0,17084.0,17084.0,17084.0,Bullish,1
2024-01-02T11:59:00+00:00,17082.0,17082.0,17081.0,17081.0,Bearish,-1
2024-01-02T12:00:00+00:00,16875.25,16878.0,16873.75,16874.25,Bearish,-1
2024-01-02T12:01:00+00:00,17080.0,17080.0,17080.0,17080.0,Bullish,1
2024-01-02T12:02:00+00:00,16870.75,16874.5,16870.0,16871.5,Bearish,-1
2024-01-02T12:03:00+00:00,16871.75,16873.5,16869.25,16870.0,Bearish,-1
2024-01-02T12:04:00+00:00,16870.25,16870.25,16867.0,16868.25,Bearish,-1
2024-01-02T12:05:00+00:00,16868.5,16870.75,16861.5,16862.5,Bearish,-1
2024-01-02T12:06:00+00:00,16862.5,16862.5,16847.5,16847.75,Bearish,-1
2024-01-02T12:07:00+00:00,17058.0,17058.0,17058.0,17058.0,Bullish,1
2024-01-02T12:08:00+00:00,16855.25,16859.25,16854.25,16858.75,Bearish,-1
2024-01-02T12:09:00+00:00,16858.25,16865.75,16858.25,16865.0,Bullish,1
2024-01-02T12:10:00+00:00,17075.75,17075.75,17075.75,17075.75,Bullish,1
2024-01-02T12:11:00+00:00,16866.5,16872.0,16866.25,16872.0,Bearish,-1
2024-01-02T12:12:00+00:00,17079.25,17079.25,17079.25,17079.25,Bullish,1
2024-01-02T12:13:00+00:00,16872.0,16872.25,16864.25,16864.75,Bearish,-1
2024-01-02T12:14:00+00:00,16864.75,16870.25,16862.25,16870.25,Bullish,1
2024-01-02T12:15:00+00:00,17076.25,17076.25,17076.25,17076.25,Bullish,1
2024-01-02T12:16:00+00:00,17066.0,17066.0,17066.0,17066.0,Bearish,-1
2024-01-02T12:17:00+00:00,16859.0,16860.75,16857.0,16858.75,Bearish,-1
2024-01-02T12:18:00+00:00,16858.25,16858.5,16854.0,16857.5,Bearish,-1
2024-01-02T12:19:00+00:00,16857.5,16857.75,16852.25,16852.25,Bearish,-1
2024-01-02T12:20:00+00:00,16852.0,16855.0,16851.0,16854.0,Bearish,-1
2024-01-02T12:21:00+00:00,16854.25,16859.25,16853.75,16856.0,Bullish,1
2024-01-02T12:22:00+00:00,16855.75,16862.25,16855.25,16861.5,Bullish,1
2024-01-02T12:23:00+00:00,16861.0,16866.0,16861.0,16865.25,Bullish,1
2024-01-02T12:24:00+00:00,16865.75,16867.25,16863.0,16864.75,Bullish,1
2024-01-02T12:25:00+00:00,17070.0,17070.0,17070.0,17070.0,Bullish,1
2024-01-02T12:26:00+00:00,16863.5,16867.25,16863.25,16867.25,Bearish,-1
2024-01-02T12:27:00+00:00,17076.0,17076.0,17076.0,17076.0,Bullish,1
2024-01-02T12:28:00+00:00,16865.75,16866.0,16857.0,16858.5,Bearish,-1
2024-01-02T12:29:00+00:00,16858.25,16861.0,16857.5,16859.75,Bearish,-1
2024-01-02T12:30:00+00:00,16859.5,16859.75,16855.0,16856.75,Bearish,-1
2024-01-02T12:31:00+00:00,16856.5,16862.75,16856.5,16862.5,Bullish,1
2024-01-02T12:32:00+00:00,16862.5,16862.75,16856.75,16857.5,Bullish,1
2024-01-02T12:33:00+00:00,16857.75,16862.75,16857.75,16862.0,Bullish,1
2024-01-02T12:34:00+00:00,17069.75,17069.75,17068.0,17068.0,Bullish,1
2024-01-02T12:35:00+00:00,16863.0,16863.25,16858.75,16862.0,Bearish,-1
2024-01-02T12:36:00+00:00,16862.5,16862.5,16857.75,16858.25,Bearish,-1
2024-01-02T12:37:00+00:00,16858.25,16858.25,16852.5,16857.5,Bearish,-1
2024-01-02T12:38:00+00:00,17066.0,17066.0,17066.0,17066.0,Bullish,1
2024-01-02T12:39:00+00:00,16855.0,16857.25,16853.75,16856.5,Bearish,-1
2024-01-02T12:40:00+00:00,16856.25,16858.0,16852.5,16853.5,Bearish,-1
2024-01-02T12:41:00+00:00,16854.0,16860.0,16853.0,16859.0,Bullish,1
2024-01-02T12:42:00+00:00,16859.25,16861.0,16857.75,16860.0,Bullish,1
2024-01-02T12:43:00+00:00,207.5,207.5,207.45,207.45,Bearish,-1
2024-01-02T12:44:00+00:00,16856.25,16856.25,16850.5,16851.25,Bullish,1
2024-01-02T12:45:00+00:00,17062.25,17062.25,17062.25,17062.25,Bullish,1
2024-01-02T12:46:00+00:00,17056.5,17059.25,17056.5,17059.25,Bearish,-1
2024-01-02T12:47:00+00:00,17056.75,17056.75,17056.75,17056.75,Bearish,-1
2024-01-02T12:48:00+00:00,16847.5,16849.75,16847.0,16847.75,Bearish,-1
2024-01-02T12:49:00+00:00,17054.25,17054.25,17054.25,17054.25,Bullish,1
2024-01-02T12:50:00+00:00,16845.75,16848.25,16835.5,16836.75,Bearish,-1
2024-01-02T12:51:00+00:00,17045.75,17045.75,17040.0,17040.0,Bullish,1
2024-01-02T12:52:00+00:00,16838.25,16839.75,16835.75,16837.25,Bearish,-1
2024-01-02T12:53:00+00:00,16837.25,16838.5,16832.0,16834.75,Bearish,-1
2024-01-02T12:54:00+00:00,17040.25,17040.25,17040.25,17040.25,Bullish,1
2024-01-02T12:55:00+00:00,16835.5,16836.25,16829.5,16829.5,Bearish,-1
2024-01-02T12:56:00+00:00,16829.75,16835.5,16829.5,16832.0,Bearish,-1
2024-01-02T12:57:00+00:00,17031.5,17031.5,17025.0,17030.0,Bullish,1
2024-01-02T12:58:00+00:00,16822.25,16825.5,16822.25,16825.25,Bearish,-1
2024-01-02T12:59:00+00:00,16824.75,16826.25,16823.25,16823.5,Bearish,-1
2024-01-02T13:00:00+00:00,16823.25,16828.75,16819.25,16827.25,Bullish,1
2024-01-02T13:01:00+00:00,17032.5,17032.5,17032.5,17032.5,Bullish,1
2024-01-02T13:02:00+00:00,16825.5,16831.25,16825.5,16831.0,Bearish,-1
2024-01-02T13:03:00+00:00,207.35,207.35,207.35,207.35,Bearish,-1
2024-01-02T13:04:00+00:00,17036.75,17036.75,17036.75,17036.75,Bullish,1
2024-01-02T13:05:00+00:00,16828.75,16831.75,16828.0,16831.5,Bearish,-1
2024-01-02T13:06:00+00:00,17035.5,17035.75,17035.5,17035.75,Bullish,1
2024-01-02T13:07:00+00:00,16827.25,16828.25,16824.25,16825.25,Bearish,-1
2024-01-02T13:08:00+00:00,16825.5,16826.5,16822.5,16826.25,Bearish,-1
2024-01-02T13:09:00+00:00,17037.5,17039.75,17037.5,17039.5,Bullish,1
2024-01-02T13:10:00+00:00,17037.75,17037.75,17032.0,17032.0,Bearish,-1
2024-01-02T13:11:00+00:00,16824.5,16829.5,16823.75,16829.5,Bearish,-1
2024-01-02T13:12:00+00:00,17032.0,17032.0,17032.0,17032.0,Bullish,1
2024-01-02T13:13:00+00:00,17032.0,17032.0,17030.0,17030.0,Bearish,-1
2024-01-02T13:14:00+00:00,16825.0,16825.0,16820.5,16820.75,Bearish,-1
2024-01-02T13:15:00+00:00,16821.0,16825.5,16819.25,16825.0,Bearish,-1
2024-01-02T13:16:00+00:00,16825.25,16826.75,16820.75,16821.0,Bearish,-1
2024-01-02T13:17:00+00:00,16820.75,16824.0,16820.75,16823.5,Bearish,-1
2024-01-02T13:18:00+00:00,16823.5,16824.75,16820.5,16824.5,Bullish,1
2024-01-02T13:19:00+00:00,16824.75,16825.0,16822.5,16822.75,Bullish,1
2024-01-02T13:20:00+00:00,16822.5,16824.25,16819.5,16820.0,Bearish,-1
2024-01-02T13:21:00+00:00,16820.0,16820.75,16817.25,16818.0,Bearish,-1
2024-01-02T13:22:00+00:00,207.35,207.35,207.35,207.35,Bearish,-1
2024-01-02T13:23:00+00:00,16822.25,16825.75,16821.5,16822.25,Bullish,1
2024-01-02T13:24:00+00:00,16823.0,16824.75,16819.25,16823.75,Bullish,1
2024-01-02T13:25:00+00:00,17032.75,17032.75,17032.75,17032.75,Bullish,1
2024-01-02T13:26:00+00:00,16827.0,16831.25,16826.5,16828.5,Bearish,-1
2024-01-02T13:27:00+00:00,17033.0,17033.0,17033.0,17033.0,Bullish,1
2024-01-02T13:28:00+00:00,16827.25,16828.0,16824.5,16827.75,Bearish,-1
2024-01-02T13:29:00+00:00,16827.5,16828.25,16824.75,16828.25,Bullish,1
2024-01-02T13:30:00+00:00,17034.75,17036.75,17029.75,17036.75,Bullish,1
2024-01-02T13:31:00+00:00,16828.25,16839.5,16827.5,16838.75,Bearish,-1
2024-01-02T13:32:00+00:00,16839.25,16843.75,16839.25,16842.5,Bullish,1
2024-01-02T13:33:00+00:00,16842.75,16845.75,16842.5,16845.0,Bullish,1
2024-01-02T13:34:00+00:00,16844.75,16849.5,16844.25,16849.0,Bullish,1
2024-01-02T13:35:00+00:00,16849.0,16850.5,16842.25,16842.75,Bearish,-1
2024-01-02T13:36:00+00:00,16843.0,16843.25,16836.25,16837.75,Bearish,-1
2024-01-02T13:37:00+00:00,16837.0,16837.0,16831.25,16835.5,Bearish,-1
2024-01-02T13:38:00+00:00,16835.5,16835.5,16832.0,16833.75,Bearish,-1
2024-01-02T13:39:00+00:00,16833.75,16840.25,16832.0,16838.75,Bullish,1
2024-01-02T13:40:00+00:00,16839.0,16840.0,16831.75,16836.25,Bullish,1
2024-01-02T13:41:00+00:00,17041.75,17041.75,17041.75,17041.75,Bullish,1
2024-01-02T13:42:00+00:00,16834.75,16839.0,16832.75,16838.5,Bearish,-1
2024-01-02T13:43:00+00:00,16838.25,16845.0,16836.75,16844.5,Bullish,1
2024-01-02T13:44:00+00:00,17053.0,17053.0,17053.0,17053.0,Bullish,1
2024-01-02T13:45:00+00:00,16845.0,16848.0,16843.75,16847.25,Bearish,-1
2024-01-02T13:46:00+00:00,16846.75,16846.75,16844.25,16844.25,Bearish,-1
2024-01-02T13:47:00+00:00,16844.5,16845.5,16843.5,16844.75,Bearish,-1
2024-01-02T13:48:00+00:00,17051.75,17051.75,17051.75,17051.75,Bullish,1
2024-01-02T13:49:00+00:00,17054.25,17054.25,17054.25,17054.25,Bullish,1
2024-01-02T13:50:00+00:00,17048.75,17048.75,17048.0,17048.0,Bearish,-1
2024-01-02T13:51:00+00:00,16843.25,16845.75,16841.25,16841.75,Bearish,-1
2024-01-02T13:52:00+00:00,16841.5,16845.75,16841.25,16845.5,Bearish,-1
2024-01-02T13:53:00+00:00,16845.5,16847.0,16844.25,16846.0,Bullish,1
2024-01-02T13:54:00+00:00,16845.75,16848.5,16844.0,16847.0,Bullish,1
2024-01-02T13:55:00+00:00,16847.25,16850.5,16847.25,16849.0,Bullish,1
2024-01-02T13:56:00+00:00,16849.5,16851.75,16848.5,16851.0,Bullish,1
2024-01-02T13:57:00+00:00,17058.0,17058.0,17056.25,17056.25,Bullish,1
2024-01-02T13:58:00+00:00,17058.5,17058.75,17058.5,17058.75,Bullish,1
2024-01-02T13:59:00+00:00,16854.75,16854.75,16851.25,16853.0,Bearish,-1
2024-01-02T14:00:00+00:00,17060.0,17060.0,17060.0,17060.0,Bullish,1
2024-01-02T14:01:00+00:00,16852.25,16854.75,16851.0,16853.25,Bearish,-1
2024-01-02T14:02:00+00:00,17059.25,17059.25,17059.25,17059.25,Bullish,1
2024-01-02T14:03:00+00:00,16848.75,16850.5,16843.75,16843.75,Bearish,-1
2024-01-02T14:04:00+00:00,17048.0,17048.0,17048.0,17048.0,Bullish,1
2024-01-02T14:05:00+00:00,17042.25,17050.0,17040.75,17049.25,Bullish,1
2024-01-02T14:06:00+00:00,17049.5,17049.5,17049.5,17049.5,Bullish,1
2024-01-02T14:07:00+00:00,17052.0,17062.5,17052.0,17062.5,Bullish,1
2024-01-02T14:08:00+00:00,16851.75,16854.75,16851.25,16854.5,Bearish,-1
2024-01-02T14:09:00+00:00,17064.0,17064.0,17064.0,17064.0,Bullish,1
2024-01-02T14:10:00+00:00,16854.25,16857.75,16853.75,16856.0,Bearish,-1
2024-01-02T14:11:00+00:00,16856.0,16858.0,16852.25,16855.75,Bearish,-1
2024-01-02T14:12:00+00:00,16856.0,16860.0,16855.5,16859.25,Bullish,1
2024-01-02T14:13:00+00:00,17068.5,17068.5,17066.5,17066.5,Bullish,1
2024-01-02T14:14:00+00:00,16862.0,16864.25,16860.75,16861.0,Bearish,-1
2024-01-02T14:15:00+00:00,16861.25,16863.25,16861.25,16861.75,Bearish,-1
2024-01-02T14:16:00+00:00,17069.5,17069.5,17069.5,17069.5,Bullish,1
2024-01-02T14:17:00+00:00,16862.0,16863.0,16861.25,16862.75,Bearish,-1
2024-01-02T14:18:00+00:00,16862.25,16865.0,16862.25,16864.25,Bullish,1
2024-01-02T14:19:00+00:00,17069.5,17069.5,17069.5,17069.5,Bullish,1
2024-01-02T14:20:00+00:00,17069.5,17069.5,17069.5,17069.5,Bullish,1
2024-01-02T14:21:00+00:00,16861.25,16865.25,16860.5,16864.75,Bearish,-1
2024-01-02T14:22:00+00:00,17072.0,17072.0,17072.0,17072.0,Bullish,1
2024-01-02T14:23:00+00:00,17076.0,17080.0,17076.0,17080.0,Bullish,1
2024-01-02T14:24:00+00:00,207.25,207.25,207.25,207.25,Bearish,-1
2024-01-02T14:25:00+00:00,17079.0,17079.0,17079.0,17079.0,Bullish,1
2024-01-02T14:26:00+00:00,16870.5,16872.75,16867.75,16871.25,Bearish,-1
2024-01-02T14:27:00+00:00,16870.75,16870.75,16861.0,16863.0,Bearish,-1
2024-01-02T14:28:00+00:00,17069.5,17069.5,17069.5,17069.5,Bullish,1
2024-01-02T14:29:00+00:00,207.35,207.35,207.35,207.35,Bearish,-1
2024-01-02T14:30:00+00:00,17065.0,17071.25,17065.0,17067.5,Bullish,1
2024-01-02T14:31:00+00:00,207.9,207.9,207.9,207.9,Bearish,-1
2024-01-02T14:32:00+00:00,16866.75,16869.75,16853.5,16863.5,Bullish,1
2024-01-02T14:33:00+00:00,16863.5,16863.5,16841.5,16848.25,Bearish,-1
2024-01-02T14:34:00+00:00,17050.0,17053.0,17040.0,17040.0,Bullish,1
2024-01-02T14:35:00+00:00,16832.25,16842.25,16826.25,16840.75,Bearish,-1
2024-01-02T14:36:00+00:00,17046.5,17046.5,17030.0,17033.25,Bullish,1
2024-01-02T14:37:00+00:00,17036.75,17036.75,17027.5,17027.5,Bearish,-1
2024-01-02T14:38:00+00:00,17027.75,17027.75,17004.5,17011.75,Bearish,-1
2024-01-02T14:39:00+00:00,16803.5,16807.75,16797.5,16800.25,Bearish,-1
2024-01-02T14:40:00+00:00,16800.5,16802.0,16781.25,16793.25,Bearish,-1
2024-01-02T14:41:00+00:00,16793.25,16799.25,16779.75,16782.25,Bearish,-1
2024-01-02T14:42:00+00:00,16991.0,16993.75,16974.0,16977.5,Bullish,1
2024-01-02T14:43:00+00:00,16769.5,16776.0,16768.0,16771.25,Bearish,-1
2024-01-02T14:44:00+00:00,16771.0,16783.0,16770.5,16777.5,Bullish,1
2024-01-02T14:45:00+00:00,16777.25,16779.75,16764.25,16767.0,Bearish,-1
2024-01-02T14:46:00+00:00,16988.0,16988.0,16988.0,16988.0,Bullish,1
2024-01-02T14:47:00+00:00,16777.5,16782.0,16766.25,16769.25,Bearish,-1
2024-01-02T14:48:00+00:00,16970.0,16970.0,16958.75,16959.75,Bullish,1
2024-01-02T14:49:00+00:00,16747.0,16749.0,16736.0,16736.75,Bearish,-1
2024-01-02T14:50:00+00:00,16950.0,16952.75,16947.75,16952.25,Bullish,1
2024-01-02T14:51:00+00:00,16950.25,16960.25,16950.25,16959.5,Bullish,1
2024-01-02T14:52:00+00:00,16753.0,16753.75,16744.25,16750.5,Bearish,-1
2024-01-02T14:53:00+00:00,16750.75,16752.25,16738.75,16739.75,Bearish,-1
2024-01-02T14:54:00+00:00,16739.5,16742.25,16731.25,16733.25,Bearish,-1
2024-01-02T14:55:00+00:00,16732.75,16742.5,16731.0,16735.75,Bearish,-1
2024-01-02T14:56:00+00:00,16941.0,16941.0,16929.0,16929.25,Bullish,1
2024-01-02T14:57:00+00:00,16722.5,16735.75,16720.25,16735.0,Bearish,-1
2024-01-02T14:58:00+00:00,16949.75,16949.75,16949.75,16949.75,Bullish,1
2024-01-02T14:59:00+00:00,16747.5,16764.5,16745.0,16763.5,Bearish,-1
2024-01-02T15:00:00+00:00,16763.5,16782.75,16756.75,16779.75,Bullish,1
2024-01-02T15:01:00+00:00,16780.0,16784.0,16773.25,16783.75,Bullish,1
2024-01-02T15:02:00+00:00,16783.5,16788.75,16775.0,16779.0,Bullish,1
2024-01-02T15:03:00+00:00,16779.0,16787.0,16772.0,16779.0,Bullish,1
2024-01-02T15:04:00+00:00,16987.5,16987.5,16987.5,16987.5,Bullish,1
2024-01-02T15:05:00+00:00,16779.5,16780.75,16761.0,16763.0,Bearish,-1
2024-01-02T15:06:00+00:00,16972.0,16972.0,16972.0,16972.0,Bullish,1
2024-01-02T15:07:00+00:00,16769.0,16771.0,16757.5,16758.5,Bearish,-1
2024-01-02T15:08:00+00:00,16758.5,16764.0,16747.5,16752.5,Bearish,-1
2024-01-02T15:09:00+00:00,16752.5,16765.75,16752.5,16760.75,Bearish,-1
2024-01-02T15:10:00+00:00,16971.0,16971.0,16966.75,16966.75,Bullish,1
2024-01-02T15:11:00+00:00,16754.75,16764.25,16748.75,16752.0,Bearish,-1
2024-01-02T15:12:00+00:00,16751.75,16766.0,16750.5,16765.25,Bullish,1
2024-01-02T15:13:00+00:00,16974.0,16974.0,16974.0,16974.0,Bullish,1
2024-01-02T15:14:00+00:00,16962.75,16962.75,16955.0,16955.0,Bearish,-1
2024-01-02T15:15:00+00:00,16950.0,16950.0,16948.0,16948.0,Bearish,-1
2024-01-02T15:16:00+00:00,16740.5,16748.5,16737.5,16741.25,Bearish,-1
2024-01-02T15:17:00+00:00,16947.0,16956.5,16947.0,16956.5,Bullish,1
2024-01-02T15:18:00+00:00,16956.5,16959.25,16950.5,16950.5,Bullish,1
2024-01-02T15:19:00+00:00,16950.5,16954.5,16942.5,16942.5,Bearish,-1
2024-01-02T15:20:00+00:00,16942.5,16946.5,16942.0,16946.5,Bearish,-1
2024-01-02T15:21:00+00:00,16944.5,16952.75,16944.5,16950.75,Bullish,1
2024-01-02T15:22:00+00:00,16948.75,16957.0,16948.75,16957.0,Bullish,1
2024-01-02T15:23:00+00:00,16747.0,16756.0,16743.25,16753.0,Bearish,-1
2024-01-02T15:24:00+00:00,16958.5,16963.75,16958.5,16963.75,Bullish,1
2024-01-02T15:25:00+00:00,16756.0,16759.0,16744.0,16744.0,Bearish,-1
2024-01-02T15:26:00+00:00,16744.25,16746.5,16727.5,16728.0,Bearish,-1
2024-01-02T15:27:00+00:00,16941.0,16945.75,16938.5,16940.0,Bullish,1
2024-01-02T15:28:00+00:00,16941.25,16941.25,16920.75,16923.5,Bearish,-1
2024-01-02T15:29:00+00:00,16925.25,16933.75,16925.25,16933.0,Bearish,-1
2024-01-02T15:30:00+00:00,16915.0,16915.0,16915.0,16915.0,Bearish,-1
2024-01-02T15:31:00+00:00,16910.0,16910.0,16910.0,16910.0,Bearish,-1
2024-01-02T15:32:00+00:00,16703.25,16710.25,16702.0,16705.0,Bearish,-1
2024-01-02T15:33:00+00:00,16916.5,16916.5,16914.5,16914.5,Bullish,1
2024-01-02T15:34:00+00:00,16707.0,16710.75,16703.75,16705.5,Bearish,-1
2024-01-02T15:35:00+00:00,206.4,206.4,206.4,206.4,Bearish,-1
2024-01-02T15:36:00+00:00,16906.5,16911.5,16906.5,16911.5,Bullish,1
2024-01-02T15:37:00+00:00,16698.5,16703.5,16695.75,16697.0,Bearish,-1
2024-01-02T15:38:00+00:00,16907.0,16908.25,16904.25,16908.25,Bullish,1
2024-01-02T15:39:00+00:00,16909.75,16909.75,16905.75,16905.75,Bullish,1
2024-01-02T15:40:00+00:00,16911.25,16911.25,16911.25,16911.25,Bullish,1
2024-01-02T15:41:00+00:00,16905.0,16905.25,16905.0,16905.25,Bearish,-1
2024-01-02T15:42:00+00:00,16905.25,16905.75,16905.0,16905.0,Bearish,-1
2024-01-02T15:43:00+00:00,16702.5,16707.25,16700.25,16706.0,Bearish,-1
2024-01-02T15:44:00+00:00,16706.25,16717.5,16706.0,16715.5,Bullish,1
2024-01-02T15:45:00+00:00,16715.5,16723.25,16710.25,16717.5,Bullish,1
2024-01-02T15:46:00+00:00,16717.5,16718.25,16708.5,16710.75,Bullish,1
2024-01-02T15:47:00+00:00,16711.25,16711.25,16705.25,16706.25,Bearish,-1
2024-01-02T15:48:00+00:00,16910.0,16910.0,16910.0,16910.0,Bullish,1
2024-01-02T15:49:00+00:00,16915.0,16915.0,16915.0,16915.0,Bullish,1
2024-01-02T15:50:00+00:00,16690.5,16696.25,16685.0,16690.5,Bearish,-1
2024-01-02T15:51:00+00:00,16690.25,16702.25,16689.25,16700.25,Bullish,1
2024-01-02T15:52:00+00:00,16905.75,16910.0,16905.75,16907.75,Bullish,1
2024-01-02T15:53:00+00:00,16701.5,16703.75,16696.75,16697.25,Bearish,-1
2024-01-02T15:54:00+00:00,16697.25,16701.0,16696.0,16700.0,Bearish,-1
2024-01-02T15:55:00+00:00,16699.5,16705.25,16698.25,16703.75,Bullish,1
2024-01-02T15:56:00+00:00,16703.75,16711.5,16703.75,16708.0,Bullish,1
2024-01-02T15:57:00+00:00,16708.0,16709.0,16698.0,16698.25,Bearish,-1
2024-01-02T15:58:00+00:00,16902.5,16906.0,16902.5,16906.0,Bullish,1
2024-01-02T15:59:00+00:00,16911.0,16916.0,16909.0,16916.0,Bullish,1
2024-01-02T16:00:00+00:00,16915.5,16921.5,16915.5,16919.0,Bullish,1
2024-01-02T16:01:00+00:00,16925.5,16925.5,16924.75,16924.75,Bullish,1
2024-01-02T16:02:00+00:00,16925.75,16927.25,16925.75,16927.25,Bullish,1
2024-01-02T16:03:00+00:00,16925.75,16925.75,16922.25,16924.0,Bearish,-1
2024-01-02T16:04:00+00:00,16716.25,16733.5,16716.25,16730.75,Bearish,-1
2024-01-02T16:05:00+00:00,16730.5,16732.75,16724.0,16728.0,Bearish,-1
2024-01-02T16:06:00+00:00,16727.75,16729.0,16716.75,16728.5,Bearish,-1
2024-01-02T16:07:00+00:00,16936.0,16938.0,16936.0,16936.25,Bullish,1
2024-01-02T16:08:00+00:00,16728.0,16730.5,16725.25,16729.75,Bearish,-1
2024-01-02T16:09:00+00:00,16730.25,16737.5,16728.5,16736.0,Bullish,1
2024-01-02T16:10:00+00:00,16735.5,16747.25,16735.0,16746.75,Bullish,1
2024-01-02T16:11:00+00:00,16747.0,16757.0,16745.75,16752.75,Bullish,1
2024-01-02T16:12:00+00:00,16752.5,16755.75,16749.75,16750.5,Bullish,1
2024-01-02T16:13:00+00:00,16750.75,16751.25,16739.75,16742.0,Bearish,-1
2024-01-02T16:14:00+00:00,16741.75,16749.75,16741.75,16747.5,Bearish,-1
2024-01-02T16:15:00+00:00,16747.5,16754.75,16746.5,16750.75,Bullish,1
2024-01-02T16:16:00+00:00,16751.25,16756.25,16748.25,16750.25,Bullish,1
2024-01-02T16:17:00+00:00,16750.25,16752.25,16743.25,16747.5,Bearish,-1
2024-01-02T16:18:00+00:00,16747.25,16753.25,16746.0,16748.0,Bearish,-1
2024-01-02T16:19:00+00:00,16748.0,16757.25,16746.5,16755.5,Bullish,1
2024-01-02T16:20:00+00:00,16755.25,16761.0,16749.75,16750.0,Bullish,1
2024-01-02T16:21:00+00:00,16957.25,16957.25,16957.25,16957.25,Bullish,1
2024-01-02T16:22:00+00:00,16965.0,16965.0,16965.0,16965.0,Bullish,1
2024-01-02T16:23:00+00:00,16755.0,16756.75,16750.0,16751.25,Bearish,-1
2024-01-02T16:24:00+00:00,16751.5,16753.0,16744.0,16748.75,Bearish,-1
2024-01-02T16:25:00+00:00,16749.0,16751.5,16747.25,16751.0,Bearish,-1
2024-01-02T16:26:00+00:00,16963.25,16963.25,16963.25,16963.25,Bullish,1
2024-01-02T16:27:00+00:00,16754.25,16755.75,16752.25,16755.25,Bearish,-1
2024-01-02T16:28:00+00:00,16755.25,16760.0,16754.25,16756.5,Bullish,1
2024-01-02T16:29:00+00:00,16756.25,16762.0,16755.25,16761.25,Bullish,1
2024-01-02T16:30:00+00:00,16760.75,16770.0,16758.25,16766.75,Bullish,1
2024-01-02T16:31:00+00:00,16766.5,16768.0,16762.25,16764.0,Bullish,1
2024-01-02T16:32:00+00:00,16763.75,16766.0,16761.5,16765.25,Bullish,1
2024-01-02T16:33:00+00:00,16764.75,16770.0,16763.5,16767.5,Bullish,1
2024-01-02T16:34:00+00:00,16767.25,16769.5,16766.25,16768.5,Bullish,1
2024-01-02T16:35:00+00:00,16974.5,16974.5,16974.5,16974.5,Bullish,1
2024-01-02T16:36:00+00:00,16970.75,16970.75,16970.75,16970.75,Bearish,-1
2024-01-02T16:37:00+00:00,206.8,206.9,206.8,206.9,Bearish,-1
2024-01-02T16:38:00+00:00,16770.5,16771.0,16764.75,16766.75,Bullish,1
2024-01-02T16:39:00+00:00,16972.25,16972.25,16972.25,16972.25,Bullish,1
2024-01-02T16:40:00+00:00,16967.5,16967.5,16967.5,16967.5,Bearish,-1
2024-01-02T16:41:00+00:00,16971.0,16971.25,16971.0,16971.25,Bullish,1
2024-01-02T16:42:00+00:00,16764.5,16767.5,16763.75,16766.5,Bearish,-1
2024-01-02T16:43:00+00:00,207.6,208.05,207.4,208.0,Bearish,-1
2024-01-02T16:44:00+00:00,16766.75,16770.5,16763.75,16770.25,Bullish,1
2024-01-02T16:45:00+00:00,16770.25,16778.75,16767.0,16778.75,Bullish,1
2024-01-02T16:46:00+00:00,16984.75,16990.0,16984.75,16990.0,Bullish,1
2024-01-02T16:47:00+00:00,16990.0,16990.0,16990.0,16990.0,Bullish,1
2024-01-02T16:48:00+00:00,16989.5,16989.5,16989.5,16989.5,Bearish,-1
2024-01-02T16:49:00+00:00,16779.25,16783.75,16778.5,16782.75,Bearish,-1
2024-01-02T16:50:00+00:00,16986.75,16986.75,16986.75,16986.75,Bullish,1
2024-01-02T16:51:00+00:00,16779.25,16783.0,16779.25,16780.5,Bearish,-1
2024-01-02T16:52:00+00:00,16780.5,16781.25,16771.5,16771.75,Bearish,-1
2024-01-02T16:53:00+00:00,16978.25,16981.25,16978.0,16981.25,Bullish,1
2024-01-02T16:54:00+00:00,16776.75,16777.0,16772.0,16772.5,Bearish,-1
2024-01-02T16:55:00+00:00,207.6,207.6,207.6,207.6,Bearish,-1
2024-01-02T16:56:00+00:00,16773.5,16780.75,16773.5,16776.75,Bullish,1
2024-01-02T16:57:00+00:00,16776.5,16777.5,16774.0,16777.0,Bullish,1
2024-01-02T16:58:00+00:00,16982.75,16982.75,16982.75,16982.75,Bullish,1
2024-01-02T16:59:00+00:00,16774.75,16778.25,16771.5,16778.25,Bearish,-1
2024-01-02T17:00:00+00:00,16778.5,16783.5,16778.0,16782.0,Bullish,1
2024-01-02T17:01:00+00:00,16781.75,16785.25,16780.75,16781.0,Bullish,1
2024-01-02T17:02:00+00:00,16780.75,16781.25,16775.0,16778.25,Bearish,-1
2024-01-02T17:03:00+00:00,16987.75,16987.75,16987.75,16987.75,Bullish,1
2024-01-02T17:04:00+00:00,16990.0,16990.0,16990.0,16990.0,Bullish,1
2024-01-02T17:05:00+00:00,16782.75,16783.75,16780.25,16782.0,Bearish,-1
2024-01-02T17:06:00+00:00,16781.75,16783.0,16777.75,16780.75,Bearish,-1
2024-01-02T17:07:00+00:00,16781.0,16784.0,16780.5,16784.0,Bullish,1
2024-01-02T17:08:00+00:00,16991.75,16993.75,16991.75,16993.25,Bullish,1
2024-01-02T17:09:00+00:00,16785.5,16785.5,16779.0,16780.25,Bearish,-1
2024-01-02T17:10:00+00:00,16780.75,16783.75,16778.25,16781.25,Bearish,-1
2024-01-02T17:11:00+00:00,16781.5,16782.0,16778.5,16781.75,Bearish,-1
2024-01-02T17:12:00+00:00,16781.75,16783.25,16776.75,16777.0,Bearish,-1
2024-01-02T17:13:00+00:00,16776.75,16779.25,16773.0,16777.5,Bearish,-1
2024-01-02T17:14:00+00:00,16777.25,16780.25,16775.25,16778.75,Bearish,-1
2024-01-02T17:15:00+00:00,16778.5,16778.5,16773.5,16775.75,Bearish,-1
2024-01-02T17:16:00+00:00,16775.75,16777.5,16770.25,16772.25,Bearish,-1
2024-01-02T17:17:00+00:00,16772.75,16773.75,16753.0,16760.25,Bearish,-1
2024-01-02T17:18:00+00:00,16760.5,16762.25,16757.0,16761.0,Bearish,-1
2024-01-02T17:19:00+00:00,16968.5,16968.5,16968.25,16968.25,Bullish,1
2024-01-02T17:20:00+00:00,16973.25,16973.25,16968.75,16968.75,Bullish,1
2024-01-02T17:21:00+00:00,16767.25,16772.5,16766.5,16771.0,Bearish,-1
2024-01-02T17:22:00+00:00,16969.25,16969.75,16969.25,16969.75,Bullish,1
2024-01-02T17:23:00+00:00,16763.25,16766.25,16761.0,16765.75,Bearish,-1
2024-01-02T17:24:00+00:00,16765.5,16766.75,16759.75,16762.25,Bearish,-1
2024-01-02T17:25:00+00:00,16761.75,16765.0,16758.25,16765.0,Bearish,-1
2024-01-02T17:26:00+00:00,16970.0,16970.0,16970.0,16970.0,Bullish,1
2024-01-02T17:27:00+00:00,16762.25,16767.0,16759.0,16766.5,Bearish,-1
2024-01-02T17:28:00+00:00,16975.0,16975.0,16975.0,16975.0,Bullish,1
2024-01-02T17:29:00+00:00,16765.5,16766.0,16759.5,16760.0,Bearish,-1
2024-01-02T17:30:00+00:00,16760.0,16761.0,16751.0,16754.0,Bearish,-1
2024-01-02T17:31:00+00:00,16754.0,16763.5,16753.0,16760.0,Bearish,-1
2024-01-02T17:32:00+00:00,16760.0,16766.75,16759.5,16765.25,Bullish,1
2024-01-02T17:33:00+00:00,207.0,207.0,207.0,207.0,Bearish,-1
2024-01-02T17:34:00+00:00,16768.0,16771.25,16767.25,16771.0,Bullish,1
2024-01-02T17:35:00+00:00,16771.5,16773.25,16767.5,16771.0,Bullish,1
2024-01-02T17:36:00+00:00,16771.5,16776.25,16769.0,16772.25,Bullish,1
2024-01-02T17:37:00+00:00,16977.5,16977.5,16977.5,16977.5,Bullish,1
2024-01-02T17:38:00+00:00,16771.5,16777.0,16771.0,16775.0,Bearish,-1
2024-01-02T17:39:00+00:00,16774.75,16776.25,16772.0,16776.25,Bearish,-1
2024-01-02T17:40:00+00:00,16991.25,16991.25,16991.25,16991.25,Bullish,1
2024-01-02T17:41:00+00:00,16784.25,16786.5,16781.5,16783.5,Bearish,-1
2024-01-02T17:42:00+00:00,16784.0,16784.5,16779.25,16779.5,Bearish,-1
2024-01-02T17:43:00+00:00,16982.25,16982.25,16978.0,16978.0,Bullish,1
2024-01-02T17:44:00+00:00,16776.0,16777.5,16774.25,16775.5,Bearish,-1
2024-01-02T17:45:00+00:00,16775.5,16776.5,16767.75,16769.0,Bearish,-1
2024-01-02T17:46:00+00:00,16768.75,16771.75,16762.25,16765.75,Bearish,-1
2024-01-02T17:47:00+00:00,16765.5,16765.5,16758.0,16758.25,Bearish,-1
2024-01-02T17:48:00+00:00,16960.0,16960.0,16954.25,16954.25,Bullish,1
2024-01-02T17:49:00+00:00,16748.0,16751.75,16746.25,16751.5,Bearish,-1
2024-01-02T17:50:00+00:00,16751.0,16752.25,16740.25,16743.0,Bearish,-1
2024-01-02T17:51:00+00:00,16743.25,16746.0,16735.25,16739.5,Bearish,-1
2024-01-02T17:52:00+00:00,16739.75,16742.0,16737.25,16738.5,Bearish,-1
2024-01-02T17:53:00+00:00,16738.5,16741.25,16736.25,16736.5,Bearish,-1
2024-01-02T17:54:00+00:00,16944.5,16945.25,16944.5,16945.25,Bullish,1
2024-01-02T17:55:00+00:00,16940.0,16940.0,16933.0,16933.0,Bearish,-1
2024-01-02T17:56:00+00:00,16931.0,16934.75,16931.0,16934.75,Bearish,-1
2024-01-02T17:57:00+00:00,16932.0,16932.0,16932.0,16932.0,Bearish,-1
2024-01-02T17:58:00+00:00,16724.25,16727.0,16716.75,16719.25,Bearish,-1
2024-01-02T17:59:00+00:00,16719.25,16722.75,16717.75,16720.25,Bearish,-1
2024-01-02T18:00:00+00:00,16720.25,16721.0,16715.25,16717.75,Bearish,-1
2024-01-02T18:01:00+00:00,16717.5,16723.0,16715.25,16720.5,Bearish,-1
2024-01-02T18:02:00+00:00,16920.0,16920.0,16920.0,16920.0,Bullish,1
2024-01-02T18:03:00+00:00,16714.0,16717.5,16713.0,16715.0,Bearish,-1
2024-01-02T18:04:00+00:00,16919.0,16920.25,16919.0,16920.25,Bullish,1
2024-01-02T18:05:00+00:00,16925.0,16925.0,16925.0,16925.0,Bullish,1
2024-01-02T18:06:00+00:00,16717.25,16720.25,16711.25,16712.25,Bearish,-1
2024-01-02T18:07:00+00:00,16712.25,16714.75,16710.25,16713.0,Bearish,-1
2024-01-02T18:08:00+00:00,16713.0,16713.5,16708.0,16709.5,Bearish,-1
2024-01-02T18:09:00+00:00,16709.25,16709.5,16703.25,16707.25,Bearish,-1
2024-01-02T18:10:00+00:00,16707.5,16712.75,16705.25,16712.25,Bullish,1
2024-01-02T18:11:00+00:00,16712.25,16717.0,16710.75,16716.25,Bullish,1
2024-01-02T18:12:00+00:00,16922.75,16922.75,16920.0,16920.75,Bullish,1
2024-01-02T18:13:00+00:00,16922.5,16927.25,16922.5,16927.25,Bullish,1
2024-01-02T18:14:00+00:00,16929.5,16929.5,16928.0,16928.0,Bullish,1
2024-01-02T18:15:00+00:00,206.9,206.9,206.9,206.9,Bearish,-1
2024-01-02T18:16:00+00:00,16722.0,16723.0,16716.5,16719.25,Bullish,1
2024-01-02T18:17:00+00:00,16719.0,16723.25,16717.25,16722.75,Bullish,1
2024-01-02T18:18:00+00:00,16722.25,16727.25,16722.25,16725.75,Bullish,1
2024-01-02T18:19:00+00:00,16726.0,16726.5,16722.0,16725.25,Bullish,1
2024-01-02T18:20:00+00:00,16725.25,16729.0,16723.75,16728.75,Bullish,1
2024-01-02T18:21:00+00:00,16937.25,16937.25,16937.25,16937.25,Bullish,1
2024-01-02T18:22:00+00:00,16729.75,16731.5,16726.5,16728.25,Bearish,-1
2024-01-02T18:23:00+00:00,16728.25,16731.0,16725.0,16728.0,Bearish,-1
2024-01-02T18:24:00+00:00,16727.5,16736.75,16727.5,16734.5,Bullish,1
2024-01-02T18:25:00+00:00,16734.25,16736.25,16732.0,16733.5,Bullish,1
2024-01-02T18:26:00+00:00,16733.75,16740.75,16733.5,16739.25,Bullish,1
2024-01-02T18:27:00+00:00,16739.0,16742.0,16732.5,16733.75,Bullish,1
2024-01-02T18:28:00+00:00,16940.75,16940.75,16940.25,16940.25,Bullish,1
2024-01-02T18:29:00+00:00,16734.25,16734.5,16730.0,16731.5,Bearish,-1
2024-01-02T18:30:00+00:00,16731.25,16736.75,16728.25,16735.5,Bullish,1
2024-01-02T18:31:00+00:00,16735.5,16737.0,16728.5,16731.75,Bullish,1
2024-01-02T18:32:00+00:00,16732.0,16734.5,16726.75,16730.5,Bearish,-1
2024-01-02T18:33:00+00:00,16730.5,16733.5,16729.0,16733.0,Bullish,1
2024-01-02T18:34:00+00:00,16733.25,16740.0,16731.5,16737.75,Bullish,1
2024-01-02T18:35:00+00:00,16737.5,16740.75,16734.0,16740.25,Bullish,1
2024-01-02T18:36:00+00:00,16945.5,16945.5,16945.5,16945.5,Bullish,1
2024-01-02T18:37:00+00:00,16736.75,16739.25,16731.25,16735.0,Bearish,-1
2024-01-02T18:38:00+00:00,16735.0,16739.5,16735.0,16737.5,Bearish,-1
2024-01-02T18:39:00+00:00,16737.25,16739.0,16735.25,16738.5,Bearish,-1
2024-01-02T18:40:00+00:00,16738.0,16739.25,16734.0,16738.25,Bearish,-1
2024-01-02T18:41:00+00:00,16737.75,16738.75,16734.75,16738.75,Bearish,-1
2024-01-02T18:42:00+00:00,16738.5,16739.25,16728.0,16729.0,Bearish,-1
2024-01-02T18:43:00+00:00,16729.25,16736.5,16727.5,16735.5,Bullish,1
2024-01-02T18:44:00+00:00,16735.0,16735.0,16728.75,16729.75,Bullish,1
2024-01-02T18:45:00+00:00,16729.75,16732.5,16724.0,16729.0,Bullish,1
2024-01-02T18:46:00+00:00,16939.0,16943.0,16939.0,16943.0,Bullish,1
2024-01-02T18:47:00+00:00,16736.75,16739.5,16732.5,16733.25,Bearish,-1
2024-01-02T18:48:00+00:00,16733.25,16733.25,16728.5,16729.5,Bearish,-1
2024-01-02T18:49:00+00:00,207.35,207.35,207.35,207.35,Bearish,-1
2024-01-02T18:50:00+00:00,206.5,206.5,206.5,206.5,Bearish,-1
2024-01-02T18:51:00+00:00,16925.0,16926.0,16925.0,16925.0,Bullish,1
2024-01-02T18:52:00+00:00,16715.25,16715.75,16708.75,16711.0,Bearish,-1
2024-01-02T18:53:00+00:00,16711.25,16713.75,16707.25,16708.25,Bearish,-1
2024-01-02T18:54:00+00:00,16708.25,16710.5,16706.0,16707.0,Bearish,-1
2024-01-02T18:55:00+00:00,16912.75,16915.0,16912.75,16915.0,Bullish,1
2024-01-02T18:56:00+00:00,207.25,207.25,207.25,207.25,Bearish,-1
2024-01-02T18:57:00+00:00,16903.0,16903.0,16898.0,16902.75,Bullish,1
2024-01-02T18:58:00+00:00,16899.25,16899.25,16895.0,16896.0,Bearish,-1
2024-01-02T18:59:00+00:00,16690.75,16697.25,16688.25,16696.0,Bearish,-1
2024-01-02T19:00:00+00:00,16696.5,16702.75,16693.0,16699.5,Bullish,1
2024-01-02T19:01:00+00:00,16699.25,16699.25,16694.25,16695.0,Bullish,1
2024-01-02T19:02:00+00:00,16695.0,16696.75,16688.25,16688.25,Bearish,-1
2024-01-02T19:03:00+00:00,16688.75,16692.25,16685.5,16686.5,Bearish,-1
2024-01-02T19:04:00+00:00,16893.25,16893.25,16886.75,16886.75,Bullish,1
2024-01-02T19:05:00+00:00,206.9,206.9,206.9,206.9,Bearish,-1
2024-01-02T19:06:00+00:00,16885.0,16885.0,16885.0,16885.0,Bullish,1
2024-01-02T19:07:00+00:00,16879.0,16879.75,16877.0,16879.0,Bearish,-1
2024-01-02T19:08:00+00:00,16670.25,16674.75,16670.0,16674.0,Bearish,-1
2024-01-02T19:09:00+00:00,16673.25,16679.0,16671.25,16678.0,Bullish,1
2024-01-02T19:10:00+00:00,16677.5,16682.25,16674.25,16681.25,Bullish,1
2024-01-02T19:11:00+00:00,16890.0,16893.25,16890.0,16893.25,Bullish,1
2024-01-02T19:12:00+00:00,16687.75,16693.25,16684.25,16693.0,Bearish,-1
2024-01-02T19:13:00+00:00,16693.0,16698.0,16690.5,16696.5,Bullish,1
2024-01-02T19:14:00+00:00,16696.5,16697.0,16689.5,16692.0,Bullish,1
2024-01-02T19:15:00+00:00,16691.0,16691.75,16685.0,16686.75,Bearish,-1
2024-01-02T19:16:00+00:00,16892.5,16893.25,16892.5,16893.25,Bullish,1
2024-01-02T19:17:00+00:00,16688.25,16688.25,16684.25,16687.0,Bearish,-1
2024-01-02T19:18:00+00:00,16687.25,16690.0,16686.5,16690.0,Bullish,1
2024-01-02T19:19:00+00:00,16896.5,16896.5,16896.5,16896.5,Bullish,1
2024-01-02T19:20:00+00:00,16688.75,16691.25,16687.0,16690.5,Bearish,-1
2024-01-02T19:21:00+00:00,16691.0,16693.25,16689.0,16692.0,Bullish,1
2024-01-02T19:22:00+00:00,16692.5,16693.25,16688.0,16689.25,Bearish,-1
2024-01-02T19:23:00+00:00,16689.0,16690.75,16686.75,16688.25,Bearish,-1
2024-01-02T19:24:00+00:00,16688.25,16690.0,16685.25,16688.5,Bearish,-1
2024-01-02T19:25:00+00:00,16688.75,16693.0,16688.25,16691.5,Bullish,1
2024-01-02T19:26:00+00:00,16897.5,16897.5,16897.5,16897.5,Bullish,1
2024-01-02T19:27:00+00:00,16902.0,16902.0,16898.25,16898.25,Bullish,1
2024-01-02T19:28:00+00:00,16691.25,16698.25,16691.0,16695.5,Bearish,-1
2024-01-02T19:29:00+00:00,16906.0,16908.0,16906.0,16908.0,Bullish,1
2024-01-02T19:30:00+00:00,16698.75,16703.5,16697.25,16702.5,Bearish,-1
2024-01-02T19:31:00+00:00,16906.0,16906.0,16906.0,16906.0,Bullish,1
2024-01-02T19:32:00+00:00,16697.75,16698.25,16690.25,16692.25,Bearish,-1
2024-01-02T19:33:00+00:00,16691.75,16696.25,16691.25,16693.75,Bearish,-1
2024-01-02T19:34:00+00:00,16693.75,16699.0,16693.5,16696.25,Bearish,-1
2024-01-02T19:35:00+00:00,16900.0,16900.0,16900.0,16900.0,Bullish,1
2024-01-02T19:36:00+00:00,16695.75,16696.75,16692.25,16692.75,Bearish,-1
2024-01-02T19:37:00+00:00,16692.5,16694.5,16690.75,16693.75,Bearish,-1
2024-01-02T19:38:00+00:00,206.6,206.6,206.6,206.6,Bearish,-1
2024-01-02T19:39:00+00:00,16690.75,16691.75,16684.75,16684.75,Bullish,1
2024-01-02T19:40:00+00:00,16685.0,16687.0,16680.25,16686.5,Bullish,1
2024-01-02T19:41:00+00:00,206.45,206.45,206.45,206.45,Bearish,-1
2024-01-02T19:42:00+00:00,16888.0,16890.25,16888.0,16890.25,Bullish,1
2024-01-02T19:43:00+00:00,16682.25,16689.75,16682.0,16689.75,Bearish,-1
2024-01-02T19:44:00+00:00,16689.25,16689.5,16685.5,16687.0,Bearish,-1
2024-01-02T19:45:00+00:00,16687.25,16688.75,16685.0,16688.25,Bearish,-1
2024-01-02T19:46:00+00:00,16898.75,16898.75,16898.75,16898.75,Bullish,1
2024-01-02T19:47:00+00:00,16894.25,16894.25,16894.25,16894.25,Bearish,-1
2024-01-02T19:48:00+00:00,16687.25,16687.75,16682.0,16684.25,Bearish,-1
2024-01-02T19:49:00+00:00,206.6,206.6,206.6,206.6,Bearish,-1
2024-01-02T19:50:00+00:00,16888.25,16890.75,16887.5,16887.5,Bullish,1
2024-01-02T19:51:00+00:00,16678.5,16680.75,16677.5,16679.0,Bearish,-1
2024-01-02T19:52:00+00:00,16884.0,16885.75,16882.0,16882.75,Bullish,1
2024-01-02T19:53:00+00:00,16674.0,16674.0,16663.0,16665.5,Bearish,-1
2024-01-02T19:54:00+00:00,16665.75,16671.75,16663.5,16666.75,Bearish,-1
2024-01-02T19:55:00+00:00,16666.5,16667.25,16660.5,16662.0,Bearish,-1
2024-01-02T19:56:00+00:00,16870.0,16873.0,16870.0,16871.75,Bullish,1
2024-01-02T19:57:00+00:00,16666.75,16667.0,16661.75,16662.5,Bearish,-1
2024-01-02T19:58:00+00:00,16869.25,16869.25,16868.0,16868.75,Bullish,1
2024-01-02T19:59:00+00:00,16663.25,16663.5,16652.75,16655.0,Bearish,-1
2024-01-02T20:00:00+00:00,16654.75,16660.0,16650.0,16651.25,Bearish,-1
2024-01-02T20:01:00+00:00,16651.0,16655.75,16649.75,16651.25,Bearish,-1
2024-01-02T20:02:00+00:00,16651.0,16653.0,16644.25,16646.0,Bearish,-1
2024-01-02T20:03:00+00:00,206.6,206.6,206.6,206.6,Bearish,-1
2024-01-02T20:04:00+00:00,16633.5,16637.5,16623.75,16628.25,Bullish,1
2024-01-02T20:05:00+00:00,16628.75,16634.25,16627.5,16631.25,Bullish,1
2024-01-02T20:06:00+00:00,206.6,206.6,206.6,206.6,Bearish,-1
2024-01-02T20:07:00+00:00,16627.75,16641.0,16627.25,16637.5,Bullish,1
2024-01-02T20:08:00+00:00,16840.0,16843.5,16840.0,16843.5,Bullish,1
2024-01-02T20:09:00+00:00,16636.25,16642.75,16631.5,16633.0,Bearish,-1
2024-01-02T20:10:00+00:00,16846.0,16846.0,16846.0,16846.0,Bullish,1
2024-01-02T20:11:00+00:00,16636.0,16638.75,16633.5,16637.0,Bearish,-1
2024-01-02T20:12:00+00:00,16637.0,16637.5,16629.0,16629.25,Bearish,-1
2024-01-02T20:13:00+00:00,16629.75,16633.5,16629.25,16630.25,Bearish,-1
2024-01-02T20:14:00+00:00,16833.5,16834.0,16833.5,16834.0,Bullish,1
2024-01-02T20:15:00+00:00,16627.0,16632.75,16624.25,16629.25,Bearish,-1
2024-01-02T20:16:00+00:00,16629.25,16636.0,16629.25,16634.0,Bullish,1
2024-01-02T20:17:00+00:00,16845.0,16845.0,16845.0,16845.0,Bullish,1
2024-01-02T20:18:00+00:00,16643.25,16645.5,16638.75,16641.75,Bearish,-1
2024-01-02T20:19:00+00:00,16641.75,16645.0,16639.0,16642.0,Bearish,-1
2024-01-02T20:20:00+00:00,16641.75,16643.0,16637.75,16640.25,Bearish,-1
2024-01-02T20:21:00+00:00,16640.0,16640.5,16635.75,16639.75,Bearish,-1
2024-01-02T20:22:00+00:00,16843.75,16843.75,16843.75,16843.75,Bullish,1
2024-01-02T20:23:00+00:00,16634.25,16640.25,16634.0,16638.75,Bearish,-1
2024-01-02T20:24:00+00:00,16639.0,16644.5,16638.0,16642.75,Bullish,1
2024-01-02T20:25:00+00:00,16643.25,16646.75,16640.0,16640.5,Bullish,1
2024-01-02T20:26:00+00:00,16841.5,16841.5,16841.5,16841.5,Bullish,1
2024-01-02T20:27:00+00:00,16640.5,16642.25,16638.0,16640.5,Bearish,-1
2024-01-02T20:28:00+00:00,16848.5,16848.5,16848.5,16848.5,Bullish,1
2024-01-02T20:29:00+00:00,16641.75,16647.75,16640.25,16645.75,Bearish,-1
2024-01-02T20:30:00+00:00,16861.0,16861.75,16861.0,16861.75,Bullish,1
2024-01-02T20:31:00+00:00,16651.25,16658.5,16649.5,16657.0,Bearish,-1
2024-01-02T20:32:00+00:00,16657.0,16659.0,16652.75,16657.75,Bearish,-1
2024-01-02T20:33:00+00:00,16657.5,16658.0,16654.25,16656.25,Bearish,-1
2024-01-02T20:34:00+00:00,16656.75,16657.0,16648.75,16648.75,Bearish,-1
2024-01-02T20:35:00+00:00,16649.25,16649.25,16645.5,16647.25,Bearish,-1
2024-01-02T20:36:00+00:00,16850.0,16850.0,16850.0,16850.0,Bullish,1
2024-01-02T20:37:00+00:00,16646.25,16648.5,16642.0,16644.25,Bearish,-1
2024-01-02T20:38:00+00:00,16644.5,16645.0,16638.25,16639.25,Bearish,-1
2024-01-02T20:39:00+00:00,16639.75,16641.75,16636.75,16640.0,Bearish,-1
2024-01-02T20:40:00+00:00,16639.75,16646.5,16638.75,16644.75,Bullish,1
2024-01-02T20:41:00+00:00,16645.0,16648.5,16644.0,16645.25,Bullish,1
2024-01-02T20:42:00+00:00,16849.0,16849.0,16849.0,16849.0,Bullish,1
2024-01-02T20:43:00+00:00,16645.5,16651.5,16644.25,16649.0,Bearish,-1
2024-01-02T20:44:00+00:00,16649.0,16654.75,16648.25,16652.25,Bullish,1
2024-01-02T20:45:00+00:00,16652.5,16659.5,16652.25,16656.25,Bullish,1
2024-01-02T20:46:00+00:00,16861.25,16861.25,16860.5,16860.5,Bullish,1
2024-01-02T20:47:00+00:00,16865.25,16865.25,16865.25,16865.25,Bullish,1
2024-01-02T20:48:00+00:00,16659.75,16664.75,16658.75,16662.75,Bearish,-1
2024-01-02T20:49:00+00:00,16663.0,16667.0,16660.75,16665.0,Bullish,1
2024-01-02T20:50:00+00:00,16665.5,16691.5,16665.5,16691.25,Bullish,1
2024-01-02T20:51:00+00:00,16892.25,16911.0,16892.25,16911.0,Bullish,1
2024-01-02T20:52:00+00:00,16695.5,16699.75,16688.25,16691.75,Bearish,-1
2024-01-02T20:53:00+00:00,16692.0,16700.75,16692.0,16695.75,Bearish,-1
2024-01-02T20:54:00+00:00,16900.0,16902.5,16900.0,16902.5,Bullish,1
2024-01-02T20:55:00+00:00,16695.0,16706.25,16695.0,16704.5,Bearish,-1
2024-01-02T20:56:00+00:00,16919.75,16920.0,16919.75,16920.0,Bullish,1
2024-01-02T20:57:00+00:00,16712.75,16718.0,16710.75,16716.75,Bearish,-1
2024-01-02T20:58:00+00:00,16923.75,16930.0,16923.5,16930.0,Bullish,1
2024-01-02T20:59:00+00:00,16723.75,16726.0,16713.0,16721.0,Bearish,-1
2024-01-02T21:00:00+00:00,16922.75,16928.25,16922.75,16928.25,Bullish,1
2024-01-02T21:01:00+00:00,16934.25,16938.0,16934.25,16938.0,Bullish,1
2024-01-02T21:02:00+00:00,16940.0,16941.75,16940.0,16941.75,Bullish,1
2024-01-02T21:03:00+00:00,16734.25,16736.0,16732.25,16735.75,Bearish,-1
2024-01-02T21:04:00+00:00,16735.75,16736.0,16731.25,16731.75,Bearish,-1
2024-01-02T21:05:00+00:00,16731.75,16735.0,16731.75,16734.25,Bearish,-1
2024-01-02T21:06:00+00:00,16944.0,16944.0,16942.75,16942.75,Bullish,1
2024-01-02T21:07:00+00:00,16734.0,16734.25,16731.75,16732.75,Bearish,-1
2024-01-02T21:08:00+00:00,16732.75,16733.0,16730.5,16731.0,Bearish,-1
2024-01-02T21:09:00+00:00,16731.5,16733.0,16729.25,16731.5,Bearish,-1
2024-01-02T21:10:00+00:00,16939.25,16939.25,16939.25,16939.25,Bullish,1
2024-01-02T21:11:00+00:00,16940.0,16941.0,16940.0,16941.0,Bullish,1
2024-01-02T21:12:00+00:00,16943.75,16943.75,16943.75,16943.75,Bullish,1
2024-01-02T21:13:00+00:00,16733.5,16734.25,16726.75,16727.5,Bearish,-1
2024-01-02T21:14:00+00:00,16727.5,16729.5,16727.25,16727.5,Bearish,-1
2024-01-02T21:15:00+00:00,16727.75,16730.75,16727.5,16730.0,Bullish,1
2024-01-02T21:16:00+00:00,16729.75,16730.5,16728.25,16728.75,Bullish,1
2024-01-02T21:17:00+00:00,16729.0,16729.25,16727.5,16729.0,Bullish,1
2024-01-02T21:18:00+00:00,16729.25,16730.0,16727.5,16727.5,Bullish,1
2024-01-02T21:19:00+00:00,16728.0,16728.5,16727.25,16728.0,Bullish,1
2024-01-02T21:20:00+00:00,16728.5,16729.0,16728.25,16729.0,Bullish,1
2024-01-02T21:21:00+00:00,16729.0,16729.5,16728.5,16729.5,Bullish,1
2024-01-02T21:22:00+00:00,16729.5,16730.25,16729.0,16729.25,Bullish,1
2024-01-02T21:23:00+00:00,16729.5,16729.5,16728.0,16728.25,Bearish,-1
2024-01-02T21:24:00+00:00,16728.25,16730.25,16728.25,16730.25,Bullish,1
2024-01-02T21:25:00+00:00,16730.25,16731.0,16729.0,16730.0,Bullish,1
2024-01-02T21:26:00+00:00,16730.5,16731.0,16730.0,16730.75,Bullish,1
2024-01-02T21:27:00+00:00,16939.75,16939.75,16939.75,16939.75,Bullish,1
2024-01-02T21:28:00+00:00,16729.75,16729.75,16729.0,16729.75,Bearish,-1
2024-01-02T21:29:00+00:00,16729.0,16729.75,16728.75,16728.75,Bearish,-1
2024-01-02T21:30:00+00:00,16728.75,16730.25,16728.75,16729.25,Bearish,-1
2024-01-02T21:31:00+00:00,16729.25,16729.75,16728.75,16728.75,Bearish,-1
2024-01-02T21:32:00+00:00,16728.75,16730.0,16728.75,16729.75,Bearish,-1
2024-01-02T21:33:00+00:00,16933.0,16933.0,16933.0,16933.0,Bullish,1
2024-01-02T21:34:00+00:00,16728.75,16729.75,16728.75,16729.75,Bearish,-1
2024-01-02T21:35:00+00:00,16730.0,16731.0,16728.5,16729.25,Bearish,-1
2024-01-02T21:36:00+00:00,16729.5,16731.25,16729.0,16730.5,Bearish,-1
2024-01-02T21:37:00+00:00,16730.0,16730.75,16727.0,16727.75,Bearish,-1
2024-01-02T21:38:00+00:00,16727.5,16729.5,16727.5,16729.5,Bearish,-1
2024-01-02T21:39:00+00:00,16938.0,16938.0,16938.0,16938.0,Bullish,1
2024-01-02T21:40:00+00:00,16728.0,16730.75,16728.0,16729.25,Bearish,-1
2024-01-02T21:41:00+00:00,16729.0,16729.5,16728.5,16728.75,Bearish,-1
2024-01-02T21:42:00+00:00,16728.75,16729.75,16728.25,16729.5,Bearish,-1
2024-01-02T21:43:00+00:00,16729.75,16731.0,16728.75,16731.0,Bullish,1
2024-01-02T21:44:00+00:00,16731.25,16731.75,16729.5,16731.0,Bullish,1
2024-01-02T21:45:00+00:00,16731.5,16732.25,16730.75,16732.0,Bullish,1
2024-01-02T21:46:00+00:00,16732.0,16732.25,16730.75,16731.5,Bullish,1
2024-01-02T21:47:00+00:00,16732.0,16732.25,16729.0,16730.75,Bullish,1
2024-01-02T21:48:00+00:00,16933.75,16933.75,16933.75,16933.75,Bullish,1
2024-01-02T21:49:00+00:00,16731.75,16732.0,16730.0,16730.5,Bearish,-1
2024-01-02T21:50:00+00:00,16730.25,16732.0,16729.5,16731.5,Bearish,-1
2024-01-02T21:51:00+00:00,16731.5,16732.0,16731.0,16731.25,Bearish,-1
2024-01-02T21:52:00+00:00,16731.25,16731.75,16729.25,16731.0,Bearish,-1
2024-01-02T21:53:00+00:00,16730.5,16730.75,16729.75,16730.25,Bearish,-1
2024-01-02T21:54:00+00:00,16730.25,16731.75,16730.0,16730.5,Bearish,-1
2024-01-02T21:55:00+00:00,16730.75,16731.0,16728.5,16729.5,Bearish,-1
2024-01-02T21:56:00+00:00,16729.5,16730.25,16729.25,16729.75,Bearish,-1
2024-01-02T21:57:00+00:00,16730.25,16730.25,16729.0,16729.5,Bearish,-1
2024-01-02T21:58:00+00:00,16729.75,16730.75,16729.25,16729.5,Bearish,-1
2024-01-02T21:59:00+00:00,16933.25,16933.25,16933.25,16933.25,Bullish,1
2024-01-02T23:00:00+00:00,16940.0,16940.0,16940.0,16940.0,Bullish,1
2024-01-02T23:01:00+00:00,16729.75,16731.75,16728.25,16728.75,Bearish,-1
2024-01-02T23:02:00+00:00,16729.0,16731.25,16728.0,16731.25,Bearish,-1
2024-01-02T23:03:00+00:00,16731.5,16734.25,16730.75,16733.5,Bullish,1
2024-01-02T23:04:00+00:00,16732.75,16735.75,16732.75,16735.5,Bullish,1
2024-01-02T23:05:00+00:00,16735.5,16735.5,16734.5,16735.0,Bullish,1
2024-01-02T23:06:00+00:00,16734.75,16736.0,16734.0,16735.0,Bullish,1
2024-01-02T23:07:00+00:00,16735.75,16736.0,16734.25,16734.5,Bullish,1
2024-01-02T23:08:00+00:00,16734.5,16735.25,16733.75,16733.75,Bearish,-1
2024-01-02T23:09:00+00:00,16734.0,16734.5,16733.75,16734.0,Bearish,-1
2024-01-02T23:10:00+00:00,16734.0,16735.5,16733.75,16735.25,Bullish,1
2024-01-02T23:11:00+00:00,16735.25,16735.25,16733.0,16733.5,Bearish,-1
2024-01-02T23:12:00+00:00,16733.25,16733.75,16731.75,16731.75,Bearish,-1
2024-01-02T23:13:00+00:00,16732.25,16732.25,16729.0,16729.75,Bearish,-1
2024-01-02T23:14:00+00:00,16730.0,16732.25,16728.75,16730.25,Bearish,-1
2024-01-02T23:15:00+00:00,16729.75,16730.0,16727.75,16728.75,Bearish,-1
2024-01-02T23:16:00+00:00,16728.0,16729.75,16728.0,16728.25,Bearish,-1
2024-01-02T23:17:00+00:00,16728.0,16728.5,16724.0,16724.75,Bearish,-1
2024-01-02T23:18:00+00:00,16725.0,16726.0,16723.25,16724.25,Bearish,-1
2024-01-02T23:19:00+00:00,16724.25,16724.75,16722.25,16722.5,Bearish,-1
2024-01-02T23:20:00+00:00,16722.75,16726.0,16722.25,16725.25,Bullish,1
2024-01-02T23:21:00+00:00,16725.0,16725.5,16723.25,16723.25,Bullish,1
2024-01-02T23:22:00+00:00,16929.0,16929.0,16929.0,16929.0,Bullish,1
2024-01-02T23:23:00+00:00,16717.75,16720.25,16716.75,16718.0,Bearish,-1
2024-01-02T23:24:00+00:00,16718.25,16721.25,16718.0,16720.75,Bullish,1
2024-01-02T23:25:00+00:00,16721.0,16725.5,16720.75,16722.75,Bullish,1
2024-01-02T23:26:00+00:00,16722.0,16724.75,16720.5,16720.75,Bullish,1
2024-01-02T23:27:00+00:00,16720.75,16722.25,16720.5,16721.75,Bullish,1
2024-01-02T23:28:00+00:00,16722.0,16722.25,16720.75,16721.0,Bullish,1
2024-01-02T23:29:00+00:00,16721.0,16722.25,16720.5,16722.0,Bullish,1
2024-01-02T23:30:00+00:00,16722.0,16723.5,16721.5,16722.25,Bullish,1
2024-01-02T23:31:00+00:00,16721.75,16722.75,16721.25,16722.75,Bullish,1
2024-01-02T23:32:00+00:00,16723.25,16724.0,16722.5,16723.75,Bullish,1
2024-01-02T23:33:00+00:00,16724.0,16724.0,16723.25,16723.5,Bullish,1
2024-01-02T23:34:00+00:00,16723.5,16724.25,16723.0,16723.5,Bullish,1
2024-01-02T23:35:00+00:00,16724.0,16724.75,16723.5,16724.25,Bullish,1
2024-01-02T23:36:00+00:00,16723.75,16724.5,16723.5,16724.5,Bullish,1
2024-01-02T23:37:00+00:00,16724.5,16724.75,16723.5,16723.5,Bullish,1
2024-01-02T23:38:00+00:00,16723.5,16724.0,16723.0,16723.75,Bullish,1
2024-01-02T23:39:00+00:00,16723.5,16723.75,16723.25,16723.75,Bullish,1
2024-01-02T23:40:00+00:00,16723.5,16724.25,16722.5,16723.5,Bullish,1
2024-01-02T23:41:00+00:00,16723.25,16723.25,16721.25,16721.25,Bearish,-1
2024-01-02T23:42:00+00:00,16721.75,16723.0,16721.75,16722.75,Bearish,-1
2024-01-02T23:43:00+00:00,16722.25,16723.0,16721.75,16722.5,Bearish,-1
2024-01-02T23:44:00+00:00,16722.25,16722.5,16721.25,16721.25,Bearish,-1
2024-01-02T23:45:00+00:00,16721.5,16722.75,16721.0,16722.75,Bullish,1
2024-01-02T23:46:00+00:00,16723.0,16723.0,16721.5,16722.25,Bullish,1
2024-01-02T23:47:00+00:00,16722.0,16722.5,16722.0,16722.0,Bullish,1
2024-01-02T23:48:00+00:00,16721.75,16722.5,16721.5,16722.5,Bullish,1
2024-01-02T23:49:00+00:00,16929.0,16929.0,16929.0,16929.0,Bullish,1
2024-01-02T23:50:00+00:00,16723.0,16723.75,16722.5,16723.0,Bearish,-1
2024-01-02T23:51:00+00:00,16723.0,16723.5,16723.0,16723.0,Bearish,-1
2024-01-02T23:52:00+00:00,16723.0,16723.25,16722.25,16722.25,Bearish,-1
2024-01-02T23:53:00+00:00,16722.75,16723.5,16722.75,16723.5,Bullish,1
2024-01-02T23:54:00+00:00,16723.5,16724.0,16723.5,16723.75,Bullish,1
2024-01-02T23:55:00+00:00,16723.75,16724.75,16723.75,16723.75,Bullish,1
2024-01-02T23:56:00+00:00,16724.5,16725.0,16724.0,16724.75,Bullish,1
2024-01-02T23:57:00+00:00,16724.25,16725.25,16724.25,16725.25,Bullish,1
2024-01-02T23:58:00+00:00,16725.0,16725.5,16724.75,16725.0,Bullish,1
2024-01-02T23:59:00+00:00,16725.25,16725.25,16724.75,16724.75,Bullish,1
2024-01-03T00:00:00+00:00,16724.75,16726.0,16724.5,16725.25,Bullish,1
